关键词,描述内容
固定翼无人机,固定翼无人机
固定翼无人机,固定翼无人机
固定翼无人机,机翼外端后掠角可随速度自动或手动调整的机翼固定的一类无人机
固定翼无人机,因其优良的功能、模块化集成
固定翼无人机,现已广泛应用在测绘、地质、石油、农林等职业
固定翼无人机,具有广阔的市场应用远景
固定翼无人机,一般的固定翼无人机系统由五个主要部分组成：机体结构、航电系统、动力系统、起降系统和地面控制站
固定翼无人机,机体结构由可拆卸的模块化机体组成
固定翼无人机,既方便携带
固定翼无人机,又可以在短时间内完成组装、起飞
固定翼无人机,航电系统由飞控电脑、感应器、酬载、无线通讯、空电电池组成
固定翼无人机,完成飞机控制系统的需要
固定翼无人机,动力系统由动力电池、螺旋桨、无刷马达组成
固定翼无人机,提供飞机飞行所需的动力
固定翼无人机,起降系统由弹射绳、弹射架、降落伞组成
固定翼无人机,帮助飞机完成弹射起飞和伞降着陆
固定翼无人机,地面控制站包括地面站电脑、手柄、电台等通讯设备
固定翼无人机,用以辅助完成路线规划任务和飞行过程的监控
旋翼无人机,旋翼无人机
旋翼无人机,微型旋翼无人机是微机电系统集成的产物
旋翼无人机,以其能够垂直起降、自由悬停、控制灵活和适应各种环境能力强等优点成为国内外很多实验室研究的重点
旋翼无人机,微型旋翼无人机的系统研究主要是针对地面控制系统和机载测控通信系统
旋翼无人机,地面控制系统是能够对无人机的飞行姿态进行监测和指令控制；机载测控通信系统主要是在无人机飞行状态下对惯性传感器、超声波测距仪等进行数据采集
旋翼无人机,并把这些数据传送给地面控制系统
差动均姿,差动均姿
差动均姿,差动控制是一种通过控制两个或多个相同或相似的系统之间的差异来实现精确控制的方法
差动均姿,这种方法用于调整无人机的姿态
差动均姿,通过比较无人机的当前姿态与目标姿态之间的差异
差动均姿,控制器可以计算出必要的纠正动作
差动均姿,而这些动作被应用于无人机的控制系统
差动均姿,以实现姿态的精确调整
模块化平面相控阵雷达天线机构,模块化平面相控阵雷达天线机构
模块化平面相控阵雷达天线机构,哈尔滨工业大学刘荣强教授团队在宇航空间机构及控制领域有显著研究成果
模块化平面相控阵雷达天线机构,他们自2000年以来一直从事相关研究
模块化平面相控阵雷达天线机构,近年来主要关注大型空间可展开机构的创新设计、动力学分析与实验
模块化平面相控阵雷达天线机构,研究成果包括大型空间可重复展收伸展臂、可展开抛物面天线机构、模块化可展开平面天线机构等原理样机的研制
模块化平面相控阵雷达天线机构,以及完成多个科研项目和发表多篇论文
大飞机制造,大飞机制造
大飞机制造,这里的大飞机指C919（中文：中国商飞C919
大飞机制造,英文：COMAC C919）
大飞机制造,是中国首款按照国际通行适航标准自行研制、具有自主知识产权的喷气式中程干线客机
大飞机制造,设计定位于150座级单通道窄体机市场
核心舱,核心舱
核心舱,天和核心舱是中国空间站发射入轨的首个舱段
核心舱,天和核心舱主要用于中国空间站统一控制和管理
核心舱,具备长期自主飞行能力
核心舱,可支持航天员长期驻留
核心舱,开展航天医学、空间科学实验和技术试验
核心舱,起飞质量22.5吨
核心舱,是中国自主研制的规模最大、系统最复杂的航天器
核心舱,后续
核心舱,天和核心舱先后迎接天舟货运飞船和神舟飞船的访问
核心舱,在全面完成空间站关键技术验证后
核心舱,与问天实验舱、梦天实验舱实施交会对接
核心舱,完成中国空间站三舱组合体在轨组装建造
核心舱,2021年4月29日11时23分
核心舱,天和核心舱由长征五号B遥二运载火箭搭载发射
核心舱,在中国文昌航天发射场点火升空
核心舱,约494秒后
核心舱,天和核心舱与火箭分离
核心舱,进入预定轨道；12时36分
核心舱,天和核心舱的太阳能帆板两翼展开且工作正常
核心舱,发射任务取得成功
问天实验舱,问天实验舱
问天实验舱,问天实验舱是中国空间站发射入轨完成建造国家太空实验室的重要大型舱段之一
问天实验舱,问天实验舱是中国空间站的第二个舱段
问天实验舱,也是首个科学实验舱
问天实验舱,问天实验舱由工作舱、气闸舱和资源舱组成
问天实验舱,起飞重量约23吨
问天实验舱,主要用于支持航天员驻留、出舱活动和开展空间科学实验
问天实验舱,同时可作为天和核心舱的备份
问天实验舱,对空间站进行管理
问天实验舱,该次任务是中国空间站首次在有人状态下迎接的航天器到访
问天实验舱,同时
问天实验舱,问天实验舱舱段也是中国迄今为止发射的最重载荷
问天实验舱,北京时间2022年7月24日14时22分22秒
问天实验舱,搭载问天实验舱的长征五号B遥三运载火箭
问天实验舱,在中国文昌航天发射场点火升空
问天实验舱,发射取得成功
问天实验舱,北京时间2022年7月25日3时13分
问天实验舱,问天实验舱成功对接于天和核心舱前向端口
问天实验舱,2022年7月25日10时03分
问天实验舱,神舟十四号航天员乘组成功开启舱门顺利进入问天实验舱
问天实验舱,2023年7月20日
问天实验舱,神舟十六号航天员乘组圆满完成出舱活动全部既定任务
问天实验舱,航天员景海鹏、朱杨柱已安全返回空间站问天实验舱
问天实验舱,出舱活动取得圆满成功
问天实验舱,航天员朱杨柱成为中国首个出舱活动的航天飞行工程师
舱外状态检查,舱外状态检查
舱外状态检查,舱外状态检查通常指对空间站外部结构和系统的检查和评估
舱外状态检查,以确保其正常运作和完好无损
舱外状态检查,舱外状态检查通常包括结构完整性检查
舱外状态检查,表面状况检测
舱外状态检查,传感器通信设备以及舱外实验设备检查等
舱外状态检查,舱外状态检查通常通过舱外活动
舱外状态检查,或利用舱外摄像头以及机械臂完成
舱外货物转移,舱外货物转移
舱外货物转移,空间站货物出舱安装任务由载荷转移机构、货物气闸舱、内外舱门、机械臂协同配合
舱外货物转移,通过在轨航天员或地面操作
舱外货物转移,将需要出舱的货物送出舱外
舱外货物转移,根据任务需要也可将舱外的货物送进舱内
舱外货物转移,突破掌握此项关键技术
舱外货物转移,可大幅提高舱内外货物交换效率
舱外货物转移,减少航天员出舱次数和工作量
舱外货物转移,按计划
舱外货物转移,后续还将持续开展货物出舱安装工作
舱外维护维修,舱外维护维修
舱外维护维修,舱外维修与辅助工具由中国航天科技集团五院研制
舱外维护维修,可协助航天员有效克服在轨着航天服状态下
舱外维护维修,手套充压后操作不便、航天员需单手操作难度大、在轨防漂要求高等难题
舱外维护维修,具备辅助航天员在轨着航天服状态下开展舱外行走、位姿转换、设备更换、产品安全防护等多项功能
舱外维护维修,是航天员执行舱外活动必不可少的工具
载荷照料,载荷照料
载荷照料,载荷照料通常指对空间飞行器上的载荷的管理和维护的工作
载荷照料,载荷可以是科学仪器、卫星、实验设备或任何其他为了特定目的被送入太空的设备
载荷照料,载荷照料设计载荷的安装部署
载荷照料,操作监控
载荷照料,维护和故障排除
载荷照料,数据管理
载荷照料,环境控制以及返回和回收
光学设施维护,光学设施维护
光学设施维护,巡天空间望远镜可以看作一座在轨飞行的移动式空间天文台
光学设施维护,在日常观测的时候远离空间站共轨飞行
光学设施维护,与空间站在一个轨道面内
光学设施维护,当需要补给或者维修升级时
光学设施维护,巡天空间望远镜会主动与空间站进行对接
光学设施维护,然后进行补给
光学设施维护,也可以通过航天员的操作
光学设施维护,对后端的仪器以及前面主光学系统的组件进行更换升级
光学设施维护,或者运送到实验舱内进行维修
天宫二号,天宫二号
天宫二号,天宫二号
天宫二号,为中国载人航天工程发射第二个目标飞行器
天宫二号,是中国首个具备补加功能的载人航天科学实验空间实验室
天宫二号,天宫二号于2016年9月15日在酒泉卫星发射中心发射升空；于2019年7月16日终止数据服务；于2019年7月19日受控离轨并再入大气层
天宫二号,落入南太平洋预定安全海域
天宫二号,天宫二号是空间实验室阶段任务的主要飞行器之一
天宫二号,先后与神舟十一号、天舟一号进行对接
天宫二号,承担着验证空间站相关技术的重要使命
天宫二号,是中国第一个真正意义上的太空实验室
酒泉卫星发射中心,酒泉卫星发射中心
酒泉卫星发射中心,酒泉卫星发射中心
酒泉卫星发射中心,又称“东风航天城”
酒泉卫星发射中心,是原总装备部20基地
酒泉卫星发射中心,1958年10月20日成立
酒泉卫星发射中心,是中国创建最早、规模最大的综合型导弹、卫星发射中心
酒泉卫星发射中心,测试及发射长征系列运载火箭、中低轨道的各种试验卫星、应用卫星、载人飞船和火箭导弹的主要基地
酒泉卫星发射中心,基地并负有残骸回收、航天员应急救生等任务
酒泉卫星发射中心,是中国科学卫星、技术试验卫星和运载火箭的发射试验基地之一
酒泉卫星发射中心,隶属于原中国人民解放军总装备部
酒泉卫星发射中心,现隶属于战略支援部队
酒泉卫星发射中心,酒泉卫星发射中心位于甘肃省酒泉市东北地区
酒泉卫星发射中心,占地面积约2800平方千米
酒泉卫星发射中心,地势平坦
酒泉卫星发射中心,人烟稀少
酒泉卫星发射中心,干燥少雨
酒泉卫星发射中心,每年约有300天可进行发射试验
酒泉卫星发射中心,是发射航天器的理想场所
酒泉卫星发射中心,2016年1月8日
酒泉卫星发射中心,酒泉卫星发射中心被国家旅游局授予首批“全国研学旅游示范基地”称号
酒泉卫星发射中心,2017年3月28日
酒泉卫星发射中心,被国家旅游局、中国科学院推选为“首批中国十大科技旅游基地”
酒泉卫星发射中心,2018年1月27日
酒泉卫星发射中心,酒泉卫星发射中心入选“中国工业遗产保护名录”
酒泉卫星发射中心,截至2018年10月
酒泉卫星发射中心,该中心先后执行110次航天发射任务
酒泉卫星发射中心,成功将145颗卫星、11艘飞船、11名航天员送入太空
酒泉卫星发射中心,北京时间2023年10月26日11时14分
酒泉卫星发射中心,搭载神舟十七号载人飞船的长征二号F遥十七运载火箭在酒泉卫星发射中心点火发射
酒泉卫星发射中心,约10分钟后
酒泉卫星发射中心,神舟十七号载人飞船与火箭成功分离
酒泉卫星发射中心,进入预定轨道
酒泉卫星发射中心,航天员乘组状态良好
酒泉卫星发射中心,发射取得圆满成功
人机协同在轨维修试验,人机协同在轨维修试验
人机协同在轨维修试验,2016年11月9日
人机协同在轨维修试验,天宫二号航天员与空间机械手进行了人机协同在轨维修科学试验
人机协同在轨维修试验,这是国际首次人机协同在轨维修技术试验
人机协同在轨维修试验,该试验由哈工大与中国航天科技集团公司第五研究院、北京理工大学共同完成的
人机协同在轨维修试验,这项试验主要面向航天设备在轨组装及拆卸任务
人机协同在轨维修试验,探索人机协同完成在轨维修典型作业
人机协同在轨维修试验,为空间机器人在轨服务积累经验
在轨插拔航天电连接器,在轨插拔航天电连接器
在轨插拔航天电连接器,在轨插拔航天电连接器指的是在太空环境中
在轨插拔航天电连接器,即在轨道上
在轨插拔航天电连接器,对航天器电连接器进行插入（插拔）和分离（拔插）的操作
在轨插拔航天电连接器,这种操作通常是在航天器进行维修、升级或模块更换时进行的
遥操作灵巧手,遥操作灵巧手
遥操作灵巧手,天宫二号空间机械手由哈工大研制
遥操作灵巧手,包含多感知柔性机械臂、五指仿人灵巧手、控制器及其软件、手眼相机、人机交互设备及其软件等
遥操作灵巧手,研制团队在三年研制周期内
遥操作灵巧手,完成了产品研制、地面操作试验、空间环境适应性试验等工作
遥操作灵巧手,2016年9月15日
遥操作灵巧手,空间 机械手随天宫二号发射入轨
遥操作灵巧手,2016年10月19日
遥操作灵巧手,天宫二号与神舟十一号对接后
遥操作灵巧手,航天员与机械手协同完成了拿电动工具拧螺钉、拆除隔热材料、在轨遥操作等科学试验
遥操作灵巧手, 从“十五”开始
遥操作灵巧手,哈工大机器人技术与系统国家重点实验室刘宏教授、刘伊威副教授等面向机械手在空间维修维护中的潜在应用
遥操作灵巧手,开展了灵巧手、机械臂、柔顺控制、 人机协同 及遥操作等前沿方向的创新性研究
遥操作灵巧手,实现了 人机协同 操作中的安全性、灵巧性、交互性等关键技术的突破
遥操作灵巧手,其中
遥操作灵巧手,运动规划与仿真、碰撞检测、 机械手 柔顺控制等保证了操作过程的人机安全
遥操作灵巧手,仿人灵巧手能够实现对多种操作目标的灵巧抓握及操作
遥操作灵巧手,航天员基于交互设备实现了对机械手的遥操作控制并能感知操作过程的接触力
遥操作灵巧手,团队多年的基础理论研究、关键技术突破和系统集成攻关
遥操作灵巧手,为本次科学试验的成功奠定了坚实基础
玉兔号,玉兔号
玉兔号,玉兔号是中国首辆月球车和着陆器共同组成的嫦娥三号探测器
玉兔号,玉兔号月球车设计质量137千克
玉兔号,能源为太阳能
玉兔号,能够耐受月球表面真空、强辐射、零下180摄氏度到零上150摄氏度极限温度等极端环境
玉兔号,月球车具备20度爬坡、20厘米越障能力
玉兔号,并配备有全景相机、红外成像光谱仪、测月雷达、粒子激发X射线谱仪等科学探测仪器
月球车,月球车
月球车,月球车是一种能够在月球表面行驶并完成月球探测、考察、收集和分析样品等复杂任务的专用车辆
月球车,在实验室里
月球车,这个重要角色的学名是“月面巡视探测器”
月球车,为了使月球车在月面上能够顺利行驶
月球车,美国、前苏联曾发射了一系列的卫星探测
月球车,并对月面环境进行了反复的科学实验
月球车,为在探测器上携带月球车的成功打下了可靠的基础
月球车,科学家对经由月球车月面的实地考察所带回的宝贵资料进行了分析研究
月球车,大大深化了人类对月球的认识
火星车,火星车
火星车,火星探测车是指在火星登陆用于火星探测的可移动探测器
火星车,是人类发射的在火星表面行驶并进行考察的一种车辆
火星车,火星车之前由美国和前苏联多次发射
火星车,火星车传来了大量的火星资料
火星车,为人类了解火星做出了巨大的贡献
大型空间伸展臂,大型空间伸展臂
大型空间伸展臂,大型空间伸展臂是一种特殊的机械结构
大型空间伸展臂,通常用于在空间中展开和操作大型结构
大型空间伸展臂,它是一种可折叠的机械臂
大型空间伸展臂,可以在发射时折叠起来
大型空间伸展臂,以适应火箭或航天器的尺寸限制
大型空间伸展臂,然后在太空中展开
大型空间伸展臂,以实现更大的操作空间
大型空间伸展臂,大型空间伸展臂被广泛应用于各种空间任务中
大型空间伸展臂,例如卫星部署、太空探测器操作、空间站组装和维护等
远程空间通信,远程空间通信
远程空间通信,远程空间通信是指利用无线电波在地球站与航天器之间进行远距离通信
远程空间通信,这种通信方式可以实现在地球站与航天器之间的信息传输
远程空间通信,包括语音、数据和图像等信息
高分辨对地观测,高分辨对地观测
高分辨对地观测,高分专项工程是中国国家中长期科学和技术发展规划纲要(2006－2020年) 的16个重大科技专项之一
高分辨对地观测,高分辨率对地观测系统重大专项（简称高分专项）是《国家中长期科学与技术发展规划纲要（2006-2020年）》确定的十六个重大科技专项之一
高分辨对地观测,于2010年批准启动实施
高分辨对地观测,“十二五”阶段
高分辨对地观测,高分专项建设成绩斐然
高分辨对地观测,高分一号、二号、四号卫星发射升空
高分辨对地观测,实现了亚米级高空间分辨率与高时间分辨率的有机结合
高分辨对地观测,高分专项在网络上被亲切的称为“中国人自己的全球观测系统”
嫦娥五号钻表复合高效采样技术,嫦娥五号钻表复合高效采样技术
嫦娥五号钻表复合高效采样技术,嫦娥五号采用的钻表复合高效采样技术是结合了钻取和表取两种方式
嫦娥五号钻表复合高效采样技术,通过空心钻杆的取芯机构钻到月球表面两米深以下处
嫦娥五号钻表复合高效采样技术,得到深层样品的层理信息
嫦娥五号钻表复合高效采样技术,同时采用机械臂末端固定铲挖型采样器进行表层和次表层月壤采集
嫦娥五号钻表复合高效采样技术,实现多点、多次采样
机械臂表取复合样品封装与传送,机械臂表取复合样品封装与传送
机械臂表取复合样品封装与传送,嫦娥五号的机械臂表取复合样品封装与传送是一个复杂而精密的过程
机械臂表取复合样品封装与传送,通过使用钻表复合高效采样技术
机械臂表取复合样品封装与传送,机械臂能够精确地钻取和表取月球表面的样品
机械臂表取复合样品封装与传送,并使用特殊的封装设备将不同深度的样品分别封装在返回器的不同层次中
月面采样技术体系,月面采样技术体系
月面采样技术体系,月面采样技术体系是嫦娥五号工程的核心技术
月面采样技术体系,采用钻取和表取两种方式共同完成采样任务
月面采样技术体系,通过一次任务可同时获得表层和次表层样品
月面采样技术体系,在国际上尚属首例
月面采样技术体系,上升器会带着采集样品与轨返组合体进行交会对接
月面采样技术体系,并将样品转移到返回器中
月面采样技术体系,最终由返回器携带样品返回地球
小行星探测附着采样系统,小行星探测附着采样系统
小行星探测附着采样系统,小行星探测附着采样系统是一种设备
小行星探测附着采样系统,用于在小行星表面附着并采集其样品
小行星探测附着采样系统,它由附着装置和采样装置组成
小行星探测附着采样系统,附着装置能够稳定地附着在小行星表面
小行星探测附着采样系统,采样装置能够从小行星表面挖掘或刮取材料并存储样品
空间灵巧手技术,空间灵巧手技术
空间灵巧手技术,2016年9月我国首个空间灵巧手随天宫二号在酒泉卫星发射中心成功发射
空间灵巧手技术,10月至11月开展人机协同在轨维修试验9次
空间灵巧手技术,累计80人时
空间灵巧手技术,成功完成国际首次在轨手持电动工具旋拧螺钉、在轨插拔航天电连接器
空间灵巧手技术,我国首次航天员在轨遥操作灵巧手等精细操作任务
空间灵巧手技术,获国家技术发明二等奖2项
空间灵巧手技术,2007欧盟机器人技术和转化一等奖1项
空间灵巧手技术,出版专著1部
轮式星球车移动技术,轮式星球车移动技术
轮式星球车移动技术,为我国“玉兔号”月球车提供了“6驱动/4转向/主副摇臂/差动均姿”悬架构型及设计参数与筛网轮构型
轮式星球车移动技术,提供了“玉兔号”月球车、火星车转移机构提出轮步式火星车移动系统构型
轮式星球车移动技术,移动性能优越
轮式星球车移动技术,方案已被我国火星车采用
空间折展机构与变形翼技术,空间折展机构与变形翼技术
空间折展机构与变形翼技术,联合研制出我国首个60米长大型空间伸展臂、57米大型模块化平面相控阵雷达天线机构
空间折展机构与变形翼技术,研究成果用于我国百米雷达天线等
空间折展机构与变形翼技术,为我国远程空间通信和高分辨对地观测提供了核心装备为我国高超声速飞行器提供了核心装备
操控作业与采样技术,操控作业与采样技术
操控作业与采样技术,解决嫦娥五号钻表复合高效采样技术难题
操控作业与采样技术,主持构建了“嫦娥五号”钻取/机械臂表取复合样品封装与传送的月面采样技术体系
操控作业与采样技术,主持设计并联合研制了“嫦娥五号”月面钻取采样系统正样产品
操控作业与采样技术,为我国首次小行星探测附着采样系统提供了关键技术
单兵外骨骼,单兵外骨骼
单兵外骨骼,中国单兵外骨骼系统是由中国兵器集团202研究所研制的外骨骼系统
单兵外骨骼,于2015年7月在中国军民融合技术装备博览会上首次亮相
单兵外骨骼,中国单兵外骨骼系统可加装辅助装置
单兵外骨骼,额定负荷平均平地步速为4.5公里每小时
单兵外骨骼,平地行走续航里程为20公里；该新型外骨骼若装备部队
单兵外骨骼,可提高高原部队的单兵负重量
单兵外骨骼,提升单兵侦查能力
单兵外骨骼,可执行高原单兵巡逻、山地单兵巡逻、跨越障碍等任务
穿戴式外肢体机器人,穿戴式外肢体机器人
穿戴式外肢体机器人,可穿戴外骨骼机器人可穿戴
穿戴式外肢体机器人,顾名思义就是这些外骨骼机器人
穿戴式外肢体机器人,是可以穿到、套到我们身上并且与身体进行协同
穿戴式外肢体机器人,其设计部件和关节模仿人类的运动模式
穿戴式外肢体机器人,旨在增强人的力量
穿戴式外肢体机器人,帮助人类移动
穿戴式外肢体机器人,按照动力技术不同
穿戴式外肢体机器人,可穿戴的外骨骼机器人可以分为“主动”和“被动”两类
灵巧手术器械设计,灵巧手术器械设计
灵巧手术器械设计,手术器械是指在临床手术中所使用的医疗器械
灵巧手术器械设计,除常规手术器械外
灵巧手术器械设计,还有一些专科用的器械：骨科、泌尿科、妇产科、烧伤科、整形外科、脑外科、心胸外科、普外科等等
穿戴式辅助增强机器人,穿戴式辅助增强机器人
穿戴式辅助增强机器人,面向负载携行助力需求
穿戴式辅助增强机器人,自主研发了系列化穿戴式外骨骼机器人
穿戴式辅助增强机器人,军用单兵外骨骼实现了高原环境应用测试
穿戴式辅助增强机器人,地震救援、火灾救援外骨骼分别在中国地震应急救援中心、消防部队等完成应用示范
穿戴式辅助增强机器人,成果应邀参加“十二五”科技创新展
穿戴式辅助增强机器人,面向单人作业辅助需求
穿戴式辅助增强机器人,研制了穿戴式外肢体机器人
穿戴式辅助增强机器人,拓展人体独立作业能力
穿戴式辅助增强机器人,广泛应用于特种作业、工业制造等领域
穿戴式辅助增强机器人,解决如核工业、大飞机制造过程中的单人复杂作业难题
模块化自重构机器人,模块化自重构机器人
模块化自重构机器人,模块化自重构机器人(变形机器人)能够完成普通的固定构形机器人所无法完成的复杂操作
模块化自重构机器人,特别适用于工作环境变化大、操作任务复杂的场合
模块化自重构机器人,在空间操作、抢险搜救、反恐侦察、核电站维护等领域有着广阔的应用前景
模块化自重构机器人,它可以构成能够穿越狭小空间的蛇形机器人、能够在不平路面上运动的多足行走机器人、可快速运动的滚动机器人、适于空间应用的柔性操作手等
模块化自重构机器人,由于电子学、微型机电系统及微型传感器技术的发展使得计算单元及微驱动、微传感器单元的体积越来越小
模块化自重构机器人,功能越来越强大
模块化自重构机器人,也有力的推动了自重构机器人由理论研究向工程实践发展
标准模块单元,标准模块单元
标准模块单元,标准单元包括反相器、与门、寄存器、选择器、全加器等多种基本单元
标准模块单元,每一个标准单元对应着多个不同尺寸（W/L）、不同驱动能力的单元电路
标准模块单元,而且不同驱动强度电路都是基本尺寸或最小尺寸的整数倍
标准模块单元,标准单元库
标准模块单元,包括版图库、符号库、电路逻辑库等
标准模块单元,包含了组合逻辑、时序逻辑、功能单元和特殊类型单元
标准模块单元,是集成电路芯片后端设计过程中的基础部分
标准模块单元,运用预先设计好的优化 的库单元进行自动逻辑综合和版图布局布线
标准模块单元,可以极大地提高设计效率
标准模块单元,加快产品进入市场的时间
标准模块单元,一般每个工艺厂商在每个工艺下都会提供相应的标准单元
末端作用器,末端作用器
末端作用器,一个机器人末端执行器指的是任何一个连接在机器人边缘（关节）具有一定功能的工具
末端作用器,这可能包含机器人抓手
末端作用器,机器人工具快换装置
末端作用器,机器人碰撞传感器
末端作用器,机器人旋转连接器
末端作用器,机器人压力工具
末端作用器,顺从装置
末端作用器,机器人喷涂枪
末端作用器,机器人毛刺清理工具
末端作用器,机器人弧焊焊枪
末端作用器,机器人电焊焊枪等等
末端作用器,机器人末端执行器通常被认为是机器人的外围设备
末端作用器,机器人的附件
末端作用器,机器人工具
末端作用器,手臂末端工具
机械臂,机械臂
机械臂,机械手臂是机械人技术领域中得到最广泛实际应用的自动化机械装置
机械臂,在工业制造、医学治疗、娱乐服务、军事、半导体制造以及太空探索等领域都能见到它的身影
机械臂,尽管它们的形态各有不同
机械臂,但它们都有一个共同的特点
机械臂,就是能够接受指令
机械臂,精确地定位到三维（或二维）空间上的某一点进行作业
高超声速飞行器,高超声速飞行器
高超声速飞行器,高超声速飞行器是指飞行速度超过5倍音速的飞机、导弹、炮弹之类的有翼或无翼飞行器
高超声速飞行器,具有突防成功率高的特点
高超声速飞行器,有着巨大的军事价值和潜在的经济价值
智能服务机器人,智能服务机器人
智能服务机器人,智能服务机器人是在非结构环境下为人类提供必要服务的多种高技术集成的智能化装备
智能服务机器人,主要以服务机器人和危险作业机器人应用需求为研究重点
智能服务机器人,研究设计方法、制造工艺、智能控制和应用系统集成等共性基础技术
医疗机器人研究项目,医疗机器人研究项目
医疗机器人研究项目,医疗机器人是指用于医院、诊所、康复中心等医疗场景的医疗或辅助医疗的机器人
医疗机器人研究项目,医疗机器人能够辅助医生
医疗机器人研究项目,扩展医生的能力
医疗机器人研究项目,具有医用性、临床适应性以及良好交互性三大特点
医疗机器人研究项目,然医疗机器人在机器人应用中是一个相对较小的细分市场
医疗机器人研究项目,但作为单位价值最高的服务机器人
医疗机器人研究项目,医疗机器人成为当前机器人行业和医疗行业发展和投资的热点
医疗机器人研究项目,根据国际机器人联合会（IFR）分类
医疗机器人研究项目,医疗机器人可以分为手术机器人、康复机器人、辅助机器人、服务机器人四大类
力反馈感知,力反馈感知
力反馈感知,力反馈近几年研发出来的虚拟手术系统
力反馈感知,为医生提供一个虚拟的3D环境以及可交互操作平台
力反馈感知,逼真的模拟临床手术的全过程
力反馈感知,与传统的手术教学相比
力反馈感知,虚拟手术具有无损伤性、可重复性和可指定性等优点
力反馈感知,但是
力反馈感知,该领域的大部分研究仅限于仿真的可视化阶段
力反馈感知,由于缺乏触觉效果
力反馈感知,医生在虚拟环境下完成的手术与临床环境差别很大
力反馈感知,为了解决上述难题
力反馈感知,力反馈概念引入虚拟手术系统
力反馈感知,通过对手术器械和软组织等形变过程进行实时数值计算
力反馈感知,模拟出软组织的变形情况和器械受力状态
力反馈感知,并通过外接的力反馈输出设备（图1）
力反馈感知,使医生在手术操作中
力反馈感知,感知到反馈力的存在
力反馈感知,更好的达到临床手术的训练效果
腹腔微创手术机器人,腹腔微创手术机器人
腹腔微创手术机器人,腹腔微创手术机器人
腹腔微创手术机器人,全称为“内窥镜手术器械控制系统”
腹腔微创手术机器人,由其标配“三件套”控制台、手术机械臂和三维成像系统组成
腹腔微创手术机器人,系统配备高清、放大的视野及灵巧精密的微创手术器械
腹腔微创手术机器人,可在微小创伤切口前提下
腹腔微创手术机器人,精准抵达手术部位
腹腔微创手术机器人,可以从本质上改变传统腔镜外科手术模式
腹腔微创手术机器人,在术野狭小、大血管周围或重要脏器部位进行高风险、精细手术操作时
腹腔微创手术机器人,具有传统技术所不可比拟的优越性
码垛机器人,码垛机器人
码垛机器人,码垛机器人
码垛机器人,是机械与计算机程序有机结合的产物
码垛机器人,为现代生产提供了更高的生产效率
码垛机器人,码垛机器在码垛行业有着相当广泛的应用
码垛机器人,码垛机器人大大节省了劳动力
码垛机器人,节省空间
码垛机器人,码垛机器人运作灵活精准、快速高效、稳定性高
码垛机器人,作业效率高
码垛机器人,码垛机器人系统采用专利技术的坐标式机器人的安装占用空间灵活紧凑
码垛机器人,能够在较小的占地面积范围内建造高效节能的全自动砌块成型机生产线的构想变成现实
电石出炉机器人,电石出炉机器人
电石出炉机器人,电石出炉是电石生产的关键工序之一
电石出炉机器人,主要包括炉前和捣炉作业
电石出炉机器人,电石出炉机器人系统包括炉前作业机器人和捣炉机器人两大系统
电石出炉机器人,电石出炉机器人可以在复杂、高温、危险的环境下作业
电石出炉机器人,在降低出炉工劳动强度的同时
电石出炉机器人,可以提高出炉操作的效率和精准度
人机协作型工业机器人,人机协作型工业机器人
人机协作型工业机器人,人机协作型工业机器人简称协作性机器人
人机协作型工业机器人,指被设计成可以在协作区域内与人直接进行交互的机器人
人机协作型工业机器人,本质上讲
人机协作型工业机器人,协作机器人与传统机器人之间并没有非常大的不同
人机协作型工业机器人,只是基于不同的设计理念生产的工业机器人产品
人机协作型工业机器人,在协作机器人发展初期
人机协作型工业机器人,很多都是从传统机器人的基础上改造的
人机协作型工业机器人,但协作机器人与传统机器人相比
人机协作型工业机器人,更加灵活高效
人机协作型工业机器人,易于部署和替换
人机协作型工业机器人,但运行速度和负载能力一般低于传统的机器人
核反应堆压力容器检查机器人,核反应堆压力容器检查机器人
核反应堆压力容器检查机器人,反应堆压力容器是核能发电的关键设备
核反应堆压力容器检查机器人,而且是特别容易出问题的设备之一
核反应堆压力容器检查机器人,对反应堆压力容器进行定期检查和维修是十分重要的
核反应堆压力容器检查机器人,哈尔滨工业大学与中核武汉核电运行技术股份有限公司联合研制成功具有自主知识产权的核反应堆压力容器检查机器人系统
核反应堆压力容器检查机器人,该机器人系统实现了核反应堆压力容器的自动化检查
核反应堆压力容器检查机器人,遥操作系统具有全三维动态模拟及实际控制、可离线编程仿真、测量及干涉检测等功能
核反应堆压力容器检查机器人,本系统已通过了由CNPO 组织的UK-IVC（英国验证中心）认证
核反应堆压力容器检查机器人,是国内首个通过 IVC 认证的、具有自主知识产权的核反应堆压力容器检查机器人系统
核反应堆压力容器检查机器人,具备了在核反应堆实际现场应用的资质
核反应堆压力容器检查机器人,同时打破了此类产品被西屋等国外公司长期垄断的局面
核反应堆压力容器检查机器人,该系统于2011 年完成秦山核电站3、4 号反应堆压力容器机组役前、在役检测
核反应堆压力容器检查机器人,并在役前检查中成功检出 3 号反应堆中某压力容器存在缺陷
核反应堆压力容器检查机器人,避免了重大核事故的发生
微纳机器人,微纳机器人
微纳机器人,微纳机器人是实验室面对世界科技前沿做的一些内容
微纳机器人,微纳游动机器人指能在液体中游动的尺寸在1 nm~100μm左右的机器人
微纳机器人,为介入式健康监测、超微诊断、靶向给药等提供变革性手段
微纳机器人,现在还属于理论研究的阶段
微纳机器人,没有应用到人体
扑翼机器人,扑翼机器人
扑翼机器人,扑翼机器人由深圳校区的徐文福老师研发
扑翼机器人,亮相过2019年的央视春晚
扑翼机器人,应用于边境的侦查工作
扑翼机器人,扑翼机器人克服了固定翼、旋翼无人机成本高、能量利用率低、隐身能力弱等缺陷
扑翼机器人,且在自主能力、抗风能力、带载能力、巡航能力等方面明显高于微小型扑翼飞行器
空间机械臂技术,空间机械臂技术
空间机械臂技术,小机械臂由我实验室刘宏院士、谢宗武教授团队和中科院长光所联合研制
空间机械臂技术,相比于核心舱配备的大机械臂
空间机械臂技术,小机械臂更加精巧
空间机械臂技术,采用了7自由度对称构型
空间机械臂技术,两端各有一个末端作用器
空间机械臂技术,配合问天实验舱表面的“脚印”
空间机械臂技术,可实现舱体不同位置的爬行
空间机械臂技术,问天实验舱的小机械臂长约5米
空间机械臂技术,最大负载3吨；相比于核心舱配备的展开长度达10米、最大承载质量25吨的大机械臂
空间机械臂技术,要显得更“短小精悍”
空间机械臂技术,相较于在天和核心舱上搭载的大机械臂
空间机械臂技术,问天实验舱小机械臂末端定位精度更高
空间机械臂技术,位置精度优于大机械臂5倍
空间机械臂技术,姿态精度优于大机械臂2倍
空间机械臂技术,其运动精度也更高
空间机械臂技术,可用于完成精度要求更高的科学载荷安装、拆卸等任务
空间机械臂技术,小机械臂可单独使用
空间机械臂技术,也可与大机械臂形成组合机械臂
空间机械臂技术,执行大范围、跨舱段的支持航天员出舱活动、舱外状态检查、舱外货物转移及安装、舱外维护维修、载荷照料、光学设施维护等任务
医疗机器人,医疗机器人
医疗机器人,医疗机器人实验室承担了一批国家自然科学基金基础研究、863计划、国家重点研发计划等重点和重大医疗机器人研究项目
医疗机器人,突破了医疗机器人灵巧手术器械设计、力反馈感知、精确主从控制、狭小空间精准操作、风险分析与安全控制、动物与临床试验、系统集成等关键技术
医疗机器人,研制了骨科、普外科、心内科、神经外科手术机器人系统
医疗机器人,获省部级科技进步奖4项、出版专著3部、获国家发明专利200余项
医疗机器人,腹腔微创手术机器人获批国产腔镜手术医疗器械III类注册证
医疗机器人,正在实施产业化
协作型工业机器人,协作型工业机器人
协作型工业机器人,研发了新一代人机协作型工业机器人
协作型工业机器人,操作复杂度更高、技巧性更强
协作型工业机器人,机器人的核心部件具有独立自主知识产权
协作型工业机器人,全部实现国产化
协作型工业机器人,解决了批量化制造难题
协作型工业机器人,哈工大协作型工业机器人 2018 年获得了“世界三大设计奖之一”的德国红点奖与“中国设计界的奥斯卡”中国设计红星奖
核环境检测与维护,核环境检测与维护
核环境检测与维护,自主研发了国内首台具有自主知识产权的核反应堆压力容器检查机器人
核环境检测与维护,通过了英国IVC认证并投入使用
核环境检测与维护,在秦山一期、二期、岭澳、福清等核电站完成了役前、在役检测任务
核环境检测与维护,研制了我国首台核聚变堆重载包层维护机器人与多功能灵巧机械臂
核环境检测与维护,制订了通用技术标准和规范
徐文福老师,徐文福老师
徐文福老师,徐文福
徐文福老师,哈尔滨工业大学（深圳）教授
徐文福老师,博士生导师
徐文福老师,机电工程与自动化学院副院长
徐文福老师,国家级高层次人才
徐文福老师,“广东特支计划”科技创新领军人才
徐文福老师,深圳“鹏城学者”特聘教授
徐文福老师,IEEE高级会员
徐文福老师,爱思唯尔中国高被引学者
徐文福老师,全球前2%顶尖科学家
徐文福老师,面向国际学术前沿及国家重大需求
徐文福老师,开展特种机器人及仿生机器人的研究
徐文福老师,在宇航空间机器人、仿生扑翼飞行机器人、多足移动操作机器人、敏捷操作机器人等方面取得创新性研究成果
徐文福老师,实现多项重要工程应用
徐文福老师,获部级科技进步一等奖2项
徐文福老师,已作为课题负责人主持了国家级项目/课题16项（其中
徐文福老师,国家级重点项目6项）
徐文福老师,以第一或通信作者发表学术论文150余篇
徐文福老师,其中SCI期刊论文80余篇
徐文福老师,有JCR一区论文60余篇（包括JCR 一区论文45篇
徐文福老师,IEEE Transactions 汇刊18篇）；出版学术专著4部、教材2部
徐文福老师,获得授权国家发明专利60余项
徐文福老师,作为IROS、Robio、IEEE-SMC、ICARCV等多个顶级国际会议分会场主席主持论文报告
徐文福老师,《Biomimetic Intelligence and Robotics》期刊编委
徐文福老师,获得IEEE/ASME Transactions on Mechatronics国际期刊年度最佳论文提名奖1次
徐文福老师,国际会议最佳论文奖1次、提名奖3次
徐文福老师,获某部科技进步一等奖获2项
徐文福老师,入选爱思唯尔2020年、2021、2022年中国高被引学者 （机械工程）
徐文福老师,2022年全球前2%顶尖科学家；所带领的团队获2021年 “广东青年五四奖章”优秀集体、“深圳青年五四奖章”优秀集体
刘宏院士,刘宏院士
刘宏院士,刘宏
刘宏院士,1966年12月出生于安徽省合肥市
刘宏院士,中国工程院院士
刘宏院士,哈尔滨工业大学党委常委、副校长
刘宏院士,机器人技术与系统国家重点实验室主任
刘宏院士,中国机械工程学会机器人分会副主任委员
刘宏院士,1986年7月
刘宏院士,刘宏在哈尔滨工业大学机械设计制造及其自动化专业获学士学位；1993年3月
刘宏院士,在哈尔滨工业大学机械工程系机械电子工程专业获博士学位（硕博连读）
刘宏院士,随后在机器人研究所任讲师；2015年3月
刘宏院士,任哈尔滨工业大学校长助理、机电工程学院院长；2017年6月
刘宏院士,任哈尔滨工业大学党委委员、校长助理；2019年3月
刘宏院士,任哈尔滨工业大学党委常委、副校长
刘宏院士,刘宏教授主要从事空间机器人
刘宏院士,机器人灵巧手
刘宏院士,假手等方面研究
谢宗武教授,谢宗武教授
谢宗武教授,谢宗武
谢宗武教授,男
谢宗武教授,汉族
谢宗武教授,1973年生
谢宗武教授,教授
谢宗武教授,哈尔滨工业大学机器人研究所教师
谢宗武教授,先后主持承担国家自然科学基金重点项目、863重点项目等10余项
谢宗武教授,参加自然科学基金和863项目20余项
谢宗武教授,研究领域包括机器人驱动与控制、空间机器人可靠性
谢宗武教授,驱动
谢宗武教授,控制
谢宗武教授,主要研究方向：空间机器人
蔡鹤皋,蔡鹤皋
蔡鹤皋,蔡鹤皋教授
蔡鹤皋,男
蔡鹤皋,汉族
蔡鹤皋,1934年6月5日出生于吉林省长春市
蔡鹤皋,祖籍北京
蔡鹤皋,机器人及机电一体化技术专家
蔡鹤皋,中国工程院院士
蔡鹤皋,青岛科技大学兼职教授
蔡鹤皋,哈尔滨工业大学机电控制及自动化系教授
蔡鹤皋, 1958年毕业于哈尔滨工业大学；1958年—1979年
蔡鹤皋,担任在哈尔滨工业大学机械工程系讲师；1979年-1982年
蔡鹤皋,在美国加州大学伯克利工学院机械工程系进修；1982年—1985年
蔡鹤皋,担任哈尔滨工业大学机械工程系副教授；1985年—1986年
蔡鹤皋,担任哈尔滨工业大学机电工程学院教授、博士生导师；1986年—1999年
蔡鹤皋,在哈尔滨工业大学机器人研究所先后担任副所长、所长；1997年当选为中国工程院院士
蔡鹤皋,蔡鹤皋教授长期从事机器人及自动化技术研究设计工作
邓宗全,邓宗全
邓宗全,邓宗全教授
邓宗全,男
邓宗全,汉族
邓宗全,1956年10月2日出生于黑龙江省双鸭山市宝清县
邓宗全,宇航空间机构学专家
邓宗全,中国工程院院士
邓宗全,教育部高等学校机械基础课程教学指导委员会主任委员
邓宗全,宇航空间机构及控制技术国防重点学科实验室主任
邓宗全,哈尔滨工业大学教授、博士生导师
邓宗全,1982年
邓宗全,邓宗全在哈尔滨工业大学毕业
邓宗全,获学士学位；1984年
邓宗全,获哈尔滨工业大学硕士学位；2004年—2016年
邓宗全,担任哈尔滨工业大学副校长
邓宗全,博士生导师；2007年
邓宗全,担任宇航空间机构及控制国防重点学科实验室主任；2017年
邓宗全,当选为中国工程院院士
邓宗全,邓宗全教授长期从事宇航空间机构与特种机器人的设计理论与技术研究
段广仁,段广仁
段广仁,段广仁教授
段广仁,男
段广仁,1962年4月出生
段广仁,黑龙江桦川人
段广仁,中国共产党党员
段广仁,中国科学院院士
段广仁,IEEE Fellow
段广仁,IET Fellow
段广仁,国家杰青
段广仁,哈尔滨工业大学教授、博士生导师
段广仁,哈尔滨工业大学航天学院控制理论与制导技术研究中心主任
段广仁, 段广仁教授于1979年9月—1983年8月在东北重型机械学院应用数学专业学习
段广仁,并获学士学位；1983年9月—1986年8月
段广仁,在哈尔滨船舶工程学院现代控制理论专业学习
段广仁,并获硕士学位；1986年9月—1989年8月
段广仁,在哈尔滨工业大学 一般力学专业学习
段广仁,并获博士学位；1991年10月
段广仁,任哈尔滨工业大学控制工程系教授；2002年10月
段广仁,任哈工大控制理论与制导技术中心主任；2019年
段广仁,当选中国科学院院士
段广仁,段广仁教授长期从事自动控制理论与应用研究；主要研究方向为控制系统的参数化设计、鲁棒控制、广义系统、线性矩阵不等式方法、飞行器制导与控制、磁悬浮控制系统设计
实验室背景,实验室背景
实验室背景,机器人技术与系统国家重点实验室”源自哈尔滨工业大学机器人研究所
实验室背景,该所始建于1986年
实验室背景,是我国最早开展机器人技术研究的单位之一
实验室背景,在上个世纪80年代研制出我国第一台弧焊机器人和第一台点焊机器人
实验室背景,实验室依托机械工程（第四次学科评估A+）、控制科学与工程（A+）、电气工程（A-）等一级学科组建
实验室背景,于2007年开始建设
实验室背景,2007年8月通过可行性论证
实验室背景,2010年7月通过建设验收
实验室背景,2013年首次评估良好
实验室背景,2018年第二次评估优秀
实验室历史,实验室历史
实验室历史,机器人技术与系统国家重点实验室”源自哈尔滨工业大学机器人研究所
实验室历史,该所始建于1986年
实验室历史,是我国最早开展机器人技术研究的单位之一
实验室历史,在上个世纪80年代研制出我国第一台弧焊机器人和第一台点焊机器人
实验室历史,实验室依托机械工程（第四次学科评估A+）、控制科学与工程（A+）、电气工程（A-）等一级学科组建
实验室历史,于2007年开始建设
实验室历史,2007年8月通过可行性论证
实验室历史,2010年7月通过建设验收
实验室历史,2013年首次评估良好
实验室历史,2018年第二次评估优秀
实验室来源,实验室来源
实验室来源,机器人技术与系统国家重点实验室”源自哈尔滨工业大学机器人研究所
实验室来源,该所始建于1986年
实验室来源,是我国最早开展机器人技术研究的单位之一
实验室来源,在上个世纪80年代研制出我国第一台弧焊机器人和第一台点焊机器人
实验室队伍,实验室队伍
实验室队伍,实验室具有一支高素质的教学、科研队伍
实验室队伍,经过多年的发展
实验室队伍,形成了一支由院士、杰青、长江学者、资深教授等为学术带头人的学术梯队
实验室队伍,具备年招收硕士研究200余名、博士研究生100余名、入站博士后20余名的人才培养能力
实验室队伍,先后与美国、德国、日本、英国、法国、意大利、俄罗斯、澳大利亚、新加坡等国家和地区建立了学术交流与合作关系
实验室定位,实验室定位
实验室定位,立足国际机器人技术的发展前沿
实验室定位,面向国民经济发展与科技发展的战略目标和重大需求
实验室定位,凸显航天、国防特色和军民融合发展理念
实验室定位,开展战略性、前沿性、前瞻性的先进机器人基础研究、应用基础研究
实验室定位,通过多学科交叉
实验室定位,积极开展高水平学术交流与合作
实验室定位,将实验室建设成为具有国际影响力的机器人技术自主创新研究、高端人才培养与社会服务的国家级基地
实验室目标,实验室目标
实验室目标,攻克一批机器人领域前沿理论与核心技术
实验室目标,支撑国家重大科技工程的实施
实验室目标,引领我国机器人技术的跨越式发展；突破一批制约机器人产业化的技术瓶颈
实验室目标,促进科研成果的转化
实验室目标,提升国产机器人国际竞争力；培养和汇聚一批高端人才
实验室目标,促进学科交叉融合
实验室目标,形成特色鲜明、国际一流的学科体系
实验室研究方向,实验室研究方向
实验室研究方向,形成了多学科交叉融合、富有特色的4个研究方向：机器人设计方法与共性技术、机器人认知与智能行为控制、人机交互与和谐共存的理论与技术、机器人及机电一体化系统集成技术
中科院长光所,中科院长光所
中科院长光所,中国科学院长春光学精密机械与物理研究所位于吉林省长春市二道区
中科院长光所,始建于1952年
中科院长光所,1999年由中科院长春光机所（前身为始建于1952年的仪器馆和始建于1953年的机电研究所）与中科院长春物理所（前身为始建于1958年的吉林分院技术物理所）整合成中国科学院长春光学精密机械与物理研究所
中科院长光所,研究所主要研究方向是发光学、应用光学、光学工程、精密机械与仪器的研发生产
中科院长光所,先后参加了“两弹一星”、“载人航天工程”等多项国家重大工程项目
中科院长光所,据2015年12月研究所官网显示
中科院长光所,长春光机所园区占地总面积54万平方米
中科院长光所,建筑面积25万平方米；18个研究部室
中科院长光所,在职职工2100余人
中科院长光所,在学研究生近千人
中科院长光所,2019年10月26日
中科院长光所,中国科学院长春光学精密机械与物理研究所研究员张学军荣获首届中国空间科学学会技术奖
中国科学院长春光学精密机械与物理研究所,中国科学院长春光学精密机械与物理研究所
中国科学院长春光学精密机械与物理研究所,中国科学院长春光学精密机械与物理研究所位于吉林省长春市二道区
中国科学院长春光学精密机械与物理研究所,始建于1952年
中国科学院长春光学精密机械与物理研究所,1999年由中科院长春光机所（前身为始建于1952年的仪器馆和始建于1953年的机电研究所）与中科院长春物理所（前身为始建于1958年的吉林分院技术物理所）整合成中国科学院长春光学精密机械与物理研究所
中国科学院长春光学精密机械与物理研究所,研究所主要研究方向是发光学、应用光学、光学工程、精密机械与仪器的研发生产
中国科学院长春光学精密机械与物理研究所,先后参加了“两弹一星”、“载人航天工程”等多项国家重大工程项目
中国科学院长春光学精密机械与物理研究所,据2015年12月研究所官网显示
中国科学院长春光学精密机械与物理研究所,长春光机所园区占地总面积54万平方米
中国科学院长春光学精密机械与物理研究所,建筑面积25万平方米；18个研究部室
中国科学院长春光学精密机械与物理研究所,在职职工2100余人
中国科学院长春光学精密机械与物理研究所,在学研究生近千人
中国科学院长春光学精密机械与物理研究所,2019年10月26日
中国科学院长春光学精密机械与物理研究所,中国科学院长春光学精密机械与物理研究所研究员张学军荣获首届中国空间科学学会技术奖
机器人技术,机器人技术
机器人技术,机器人技术是综合了计算机、控制论、机构学、信息和传感技术、人工智能、仿生学等多学科而形成的高新技术
机械工程,机械工程
机械工程,机械工程是一门利用物理定律和化学规律为机械系统作分析、设计、制造及维修的工程学科
机械工程,机械工程是以有关的自然科学和技术科学为理论基础
机械工程,结合生产实践中的技术经验
机械工程,研究和解决在开发、设计、制造、安装、运用和维修各种机械中的全部理论和实际问题的应用学科
机械工程,机械工程是工学研究生教育一级学科
机械工程,工程研究生教育一个领域
学科评估,学科评估
学科评估,全国高校学科评估是在有关部门的支持下
学科评估,教育部学位与研究生教育发展中心（简称：学位中心）按照教育部和国务院学位委员会颁布的《学位授予和人才培养学科目录》
学科评估,对具有研究生培养和学位授予资格的一级学科进行整体水平评估（简称：学科评估）
学科评估,“学科评估”侧重于学术型学位
学科评估,而专业学位水平评估是“学科评估”的专业学位部分
学科评估,并根据评估结果进行聚类排位
学科评估,此项工作于2002年首次在全国开展
学科评估,至2017年已完成四轮评估
控制科学与工程,控制科学与工程
控制科学与工程,控制科学与工程在本科阶段称为“自动化”
控制科学与工程,研究生阶段称为“控制科学与工程”
控制科学与工程,本学科是研究控制的理论、方法、技术及其工程应用的学科
控制科学与工程,以控制论、系统论、信息论为基础
控制科学与工程,研究各应用领域内的共性问题
控制科学与工程,即为了实现控制目标
控制科学与工程,应如何建立系统的模型
控制科学与工程,分析其内部与环境信息
控制科学与工程,采取何种控制与决策行为；而与各应用领域的密切结合
控制科学与工程,又形成了控制工程丰富多样的内容
控制科学与工程,本学科点在理论研究与工程实践相结合、学科交叉和军民结合等方面具有明显的特色与优势
控制科学与工程,对经济发展和国家安全发挥了重大作用
控制科学与工程,服务领域覆盖互联网、人工智能、通信、IT、智能制造、金融管理、教育咨询、科学研究等领域
控制科学与工程,工作形式涵盖技术研发、管理咨询、教学科研等
电气工程,电气工程
电气工程,电气工程（英文：Electrical Engineering
电气工程,简称:EE）
电气工程,是现代科技领域中的核心学科和关键学科
电气工程,电气工程的传统、宽泛的定义是指用于创造产生电气与电子系统的有关学科的总和
电气工程,随着科学技术的飞速发展
电气工程,电气工程概念已经远超出上述定义的范畴
电气工程,斯坦福大学的教授指出：“当今的电气工程涵盖了几乎所有与电子、光子有关的工程行为”
电气工程,正是电子技术的巨大进步才推动了以计算机网络为基础的信息时代的到来
电气工程,并改变了包括人类的生活与工作模式等各个方面
电气工程,美国大学电气工程学科
电气工程,又称电气工程系、电气工程与信息科学系、电气工程与计算机科学系等
电气工程,主要以计算机和信息术为研究方向和重点
一级学科,一级学科
一级学科,一级学科
一级学科,包括以下2种提法：一是教育部《学位授予和人才培养学科目录》
一级学科,在高等学校研究生教育体系设置中
一级学科,一级学科是学科大类
一级学科,二级学科是其下的学科小类
一级学科,截至2021年1月14日
一级学科,共设14个学科门类（哲学、经济学、法学、教育学、文学、历史学、理学、工学、农学、医学、管理学、军事学、艺术学、交叉学科）、112个一级学科
一级学科,例如
一级学科,理学下有数学、物理学、地理学等十余个一级学科
一级学科,二是国家标准《中华人民共和国学科分类与代码国家标准》（GB/T 13745）
一级学科,它是经国家技术监督局批准
一级学科,由国家科委与技术监督局共同提出
一级学科,国家技术监督局于1992年11月1日正式在北京发布该标准
一级学科,1993年7月1日正式实施此标准
一级学科,根据2009修订版
一级学科,共设5个门类（自然科学类、农业科学类、医药科学类、工程与技术科学类、人文与社会科学类）、58个一级学科
一级学科,例如
一级学科,自然科学类下有数学、物理学、地球科学等八个一级学科
可行性论证,可行性论证
可行性论证,可行性论证指对项目的技术先进性和经济合理性进行综合分析和论证
可行性论证,以期达到最佳经济效果的工作方法
可行性论证,一般分机会研究、初步可行性研究和技术经济可行性研究三个阶段
可行性论证,现代可行性论证的关键问题往往在于技术的成熟性、经济的合理性以及技术应用范围、条件和预期的经济效益、社会效益作出正确的分析和评价
介入式健康监测,介入式健康监测
介入式健康监测,介入式健康检测指直接干预或接触患者以进行健康评估或诊断的医疗手段
超微诊断,超微诊断
超微诊断,超微诊断（Ultra-Micro Diagnostics）是一种高度精确和敏感的医学检测技术
超微诊断,它能够检测和分析极小量的生物标志物
超微诊断,这种技术的主要特点是它能够在分子层面上进行诊断
超微诊断,从而实现早期疾病检测和准确的健康监测
靶向给药,靶向给药
靶向给药,"靶向给药系统诞生于20世纪70年代,是一种新的制剂技术和工艺,是指药物通过局部或全身血液循环而浓集定位于靶组织.靶器官.靶细胞的给药系统"
靶向给药,"靶向给药系统也是一种药物载体系统,具有将药物选择性的传输并释放于靶组织"
靶向给药,"靶器官或者靶细胞,使靶区药物浓度增大,降低其他非靶部位浓度以减少毒副作用的特性"
靶向给药,"靶向制剂最初只指向狭义的抗癌制剂,随着研究的深入,研究领域的拓宽从给药途径靶向专一性及特效型方面都有突破性进展,靶向制剂发展成为一切具有靶向性的制剂"
自主能力,自主能力
自主能力,自主能力是指机器人在没有人为直接控制的情况下
自主能力,能够独立完成任务和导航的能力
自主能力,机器人的自主能力设计环境感知
自主能力,数据处理与决策
自主能力,自主导航
自主能力,学习与自适应
自主能力,交互能力等多方面
带载能力,带载能力
带载能力,无人机是一种能够独立飞行的机器人
带载能力,具有携带和运输物品的能力
带载能力,无人机的载荷能力取决于其自身结构设计和电池容量等因素
带载能力,小型无人机可以携带数百克的负荷
带载能力,而大型无人机则可携带数千克的货物
巡航能力,巡航能力
巡航能力,小型飞行器的巡航能力通常指在飞行过程中长时间保持稳定飞行状态的能力
巡航能力,巡航能力受续航时间
巡航能力,飞行稳定性
巡航能力,自动导航和控制系统
巡航能力,飞行距离以及有效载荷的影响
中国优秀工业设计金奖,中国优秀工业设计金奖
中国优秀工业设计金奖,中国优秀工业设计奖是中国工业设计领域唯一经中央批准开展的国家政府奖项
中国优秀工业设计金奖,由工业和信息化部主办
中国优秀工业设计金奖,奖项旨在表彰具有引领性、前瞻性设计创新的项目及单位
中国优秀工业设计金奖,全面检验和展示中国工业设计成果
中国优秀工业设计金奖,营造全社会重视工业设计的良好氛围
中国优秀工业设计金奖,有利于促进工业设计创新发展
中国优秀工业设计金奖,助推制造强国建设
中国优秀工业设计金奖,工业设计是创意创新特点突出的行业
中国优秀工业设计金奖,其产品凝聚了科技、文化、艺术、智慧等元素
中国优秀工业设计金奖,有利于丰富制造业产品品种
中国优秀工业设计金奖,提升产品附加值
中国优秀工业设计金奖,《中国制造2025》明确提出
中国优秀工业设计金奖,设立国家工业设计奖
中国优秀工业设计金奖,激发全社会创新设计的积极性和主动性
中国优秀工业设计金奖,2012年、2016年、2018年、2020年相继举办了第一届、第二届、第三届和第四届中国优秀工业设计奖
中国优秀工业设计金奖,均取得了良好的社会反响
中国优秀工业设计金奖,设立金奖10个、银奖20个、铜奖30个
中国优秀工业设计金奖,分为产品设计奖和概念作品奖(概念作品奖占比不超过20%)
中国优秀工业设计金奖,2018年哈尔滨工业大学设计的自主变形机器人获得唯一概念设计奖
自由度,自由度
自由度,自由度是根据机械原理
自由度,机构具有确定运动时所必须给定的独立运动参数的数目（亦即为了使机构的位置得以确定
自由度,必须给定的独立的广义坐标的数目）
自由度,其数目常以F表示
自由度,如果一个构件组合体的自由度F大于0
自由度,他就可以成为一个机构
自由度,即表明各构件间可有相对运动；如果F=0
自由度,则它将是一个结构（structure）
自由度,即已退化为一个构件
自由度,机构自由度又有平面机构自由度和空间机构自由度
自由度,一个原动件只能提供一个独立参数
手持电动工具,手持电动工具
手持电动工具,手持电动工具
手持电动工具,指的是便携式的电动工具
手持电动工具,可直接用手操作无需其他辅助装置
国家技术发明奖,国家技术发明奖
国家技术发明奖,国家技术发明奖
国家技术发明奖,授予运用科学技术知识做出产品、工艺、材料及其系统等重大技术发明的中国公民
国家技术发明奖,产品包括各种仪器、设备、器械、工具、零部件以及生物新品种等；工艺包括工业、农业、医疗卫生和国家安全等领域的各种技术方法；材料包括用各种技术方法获得的新物质等；系统是指产品、工艺和材料的技术综合
国家技术发明奖, 技术发明是指利用自然规律首创并成功地用于改造客观世界的技术新成果
国家技术发明奖,它一般是与生产有关的新技术
国家技术发明奖,如在国民经济某一技术领域中提供了新的、先进的、效益好的新技术
筛网轮构型,筛网轮构型
筛网轮构型,筛网轮构型是一种用于筛选和过滤的装置
筛网轮构型,它通常由一系列按一定规律排列的筛网组成
筛网轮构型,这些筛网按照设计要求进行构型
筛网轮构型,以确保其能够有效地过滤和筛选出不同大小和形状的颗粒或物质
轮步式,轮步式
轮步式,轮步复合行走模式
轮步式,车轮具有两种状态
轮步式,一种是和轮式移动车辆相同的驱动模式
轮步式,另一种是和轮式移动车辆不同的制动模式
轮步式,轮步复合式移动系统
轮步式,轮式模式下具有轮式行走的效率
轮步式,轮步复合模式下具备步式行走的高通过性
非结构环境,非结构环境
非结构环境,非结构环境是指表面材质性能不均
非结构环境,结构及尺寸变化不规律且不稳定
非结构环境,环境信息非固定、不可知、不可描述的环境
非结构环境,在非结构化环境中
非结构环境,通过工具或手段去认知环境、收集数据、处理信息
非结构环境,达到目标环境的稳定、可认知、可描述
人口老龄化,人口老龄化
人口老龄化,人口老龄化是指人口生育率降低和人均寿命延长导致的总人口中因年轻人口数量减少、年长人口数量增加而导致的老年人口比例相应增长的动态
智能化新时代,智能化新时代
智能化新时代,智能化新时代是指一个以人工智能等新一代信息技术为支撑
智能化新时代,推动教育转型和变革的时期
智能化新时代,这个时期
智能化新时代,信息技术能够主动挖掘教育数据、提供智能服务
智能化新时代,重塑教育生态
智能化新时代,实现智慧教育
智能化新时代,智能化代表了事物在技术支持下满足人们需求的属性
智能化新时代,例如无人驾驶汽车等
智能化新时代,智能化也意味着新媒体通过智能技术的应用
智能化新时代,具备类似于人类的感知、记忆、思维、学习、自适应和决策能力
智能化新时代,在各种场景中以人类需求为中心
智能化新时代,对随机性的外部环境做出决策并付诸行动
人机融合,人机融合
人机融合,人机融合是指人与机器或计算机技术之间的紧密融合关系
人机融合,旨在提高人类的认知、生理能力和生活质量
人机融合,它涵盖多个领域
人机融合,包括生物技术、脑机接口、增强现实等
人机融合,通过智能算法和系统的帮助
人机融合,使人类能够更高效地执行任务
人机融合,人机融合可以增强人类的感知、认知和智能
人机融合,实现更复杂的交互和沟通
人机融合,它正在改变许多领域
人机融合,包括教育、医疗、制造等
人机融合,并推动未来的发展和创新
智能感知,智能感知
智能感知,智能感知是指通过各种传感器和算法
智能感知,使智能系统能够感知和理解周围环境的能力
智能感知,它是人工智能领域的一个重要研究方向
智能感知,也是实现智能化应用的关键技术之一
智能感知,智能感知技术的核心是将物理世界中的信息转化为计算机可处理的数字信号
智能感知,这些信息可以来自于各种传感器
智能感知,如摄像头、麦克风、温度传感器等
智能感知,通过这些传感器获取的数据
智能感知,可以被输入到智能系统中
智能感知,经过算法的处理和分析
智能感知,从而实现对环境的感知和理解
交互控制,交互控制
交互控制,交互控制指的是在人机交互过程中
交互控制,对系统进行有意识地干预和调整
交互控制,以达到特定目标的过程
地震救援,地震救援
地震救援,地震救援主要是指迅速搜索与营救由于地震造成的建筑物破坏而被压埋人员的举动
地震救援,在地震发生后展开救援的第一步是搜索工作
地震救援,而在搜索之前必须要进行正确的区域、场所的划分和设定
地震救援,现场必须实施警戒
地震救援,严格控制人员出入
地震救援,设立工作区、装备区、指挥部等
地震救援,这样才能提供良好的搜索环境
地震救援,提高搜索效率
地震救援,能带来更多人员的幸存
火灾救援,火灾救援
火灾救援,火灾救援是一系列紧急响应措施
火灾救援,旨在控制和扑灭火灾
火灾救援,同时保护和救助受火灾威胁的人员、财产和环境
核工业,核工业
核工业,核工业是核能开发、利用的综合性新兴工业部门
核工业,包括放射性地质勘探、铀矿开采、水法冶金、铀精制、铀同位素分离、核燃料元件制造、各种类型反应堆、核电站、乏燃料后处理、放射性废物的处理与处置、锂同位素分离、放射性同位素生产、核武器生产等生产企业和科研、设计单位
核工业,在国民经济中具有重要作用：利用核能使之转变为电能、热能和机械动力
核工业,可获得安全、清洁、热值高的能源；提供多种放射性同位素产品、同位素仪器仪表及辐射技术
核工业,在辐射加工、食品保鲜、医疗诊断等方面发挥特殊效能；极大地促进冶金、化工、机械制造、电子、辐射化学、核医学、核电子学等领域发展
单人复杂作业,单人复杂作业
单人复杂作业,大飞机制造过程中的“单人复杂作业”指的是在飞机制造过程中
单人复杂作业,由单个工人独立完成的复杂和技术要求高的任务
单人复杂作业,这类作业通常涉及对飞机的关键部件或系统进行精细和专业的操作
单人复杂作业,要求工人具备高度的技能和专业知识
单人复杂作业,这些作业可能包括：精密组装
单人复杂作业,电气和电子系统安装
单人复杂作业,航空系统调试
单人复杂作业,结构检查和修复
单人复杂作业,涂装和表面处理以及质量控制检验等
国家自然科学基金,国家自然科学基金
国家自然科学基金,20世纪80年代初
国家自然科学基金,为推动中国科技体制改革
国家自然科学基金,变革科研经费拨款方式
国家自然科学基金,中国科学院89位院士(学部委员)致函党中央、国务院
国家自然科学基金,建议借鉴国际成功经验
国家自然科学基金,设立面向全国的自然科学基金
国家自然科学基金,得到党中央、国务院的首肯
国家自然科学基金,随后
国家自然科学基金,在小平同志的亲切关怀下
国家自然科学基金,国务院于1986年2月14日正式批准成立国家自然科学基金委员会（简称自然科学基金委
国家自然科学基金,英文名称为National Natural Science Foundation of China
国家自然科学基金,缩写为NSFC）
国家自然科学基金, 国家自然科学基金坚持支持基础研究
国家自然科学基金,逐渐形成和发展了由研究项目、人才项目和环境条件项目三大系列组成的资助格局
国家自然科学基金,三十多年来
国家自然科学基金,自然科学基金在推动中国自然科学基础研究的发展
国家自然科学基金,促进基础学科建设
国家自然科学基金,发现、培养优秀科技人才等方面取得了巨大成绩
国家自然科学基金,国家自然科学基金重大研究计划是现阶段国家自然基金中层次最高、资助力度最大、权威性最强的项目类别
国家自然科学基金,主要围绕国家重大战略需求和重大科学前沿
国家自然科学基金,凝练科学目标
国家自然科学基金,凝聚优势力量
国家自然科学基金,形成具有相对统一目标或方向的项目集群
国家自然科学基金,提升中国基础研究的原始创新能力
国家自然科学基金,为国民经济、社会发展和国家安全提供科学支撑
国家自然科学基金, 2023年2月28日
国家自然科学基金,国家统计局发布《中华人民共和国2022年国民经济和社会发展统计公报》
国家自然科学基金,初步核算
国家自然科学基金,2022年国家自然科学基金共资助5.19万个项目
863计划,863计划
863计划,“国家高技术研究发展计划”（简称863计划）是科学家的战略眼光与政治家的高瞻远瞩相结合的产物
863计划,凝练了中国发展高科技的战略需求
863计划,1986年国务院组织了全国200多位科学家对计划建议进行了大半年的论证
863计划,在中国科学技术需要急起直追的年代
863计划,863计划的实施有力推动了中国高技术的进步   
863计划,2016年
863计划,随着国家重点研发计划的出台
863计划,863计划结束了自己的历史使命 
国家重点研发计划,国家重点研发计划
国家重点研发计划,国家重点研发计划是当前我国最高级别的研发项目   
国家重点研发计划,英文全称：“National Key Research and Development Program of China”
国家重点研发计划,国家重点研发计划由原来的国家重点基础研究发展计划（973计划）、国家高技术研究发展计划（863计划）、国家科技支撑计划、国际科技合作与交流专项、产业技术研究与开发基金和公益性行业科研专项等整合而成
国家重点研发计划,是针对事关国计民生的重大社会公益性研究
国家重点研发计划,以及事关产业核心竞争力、整体自主创新能力和国家安全的战略性、基础性、前瞻性重大科学问题、重大共性关键技术和产品
国家重点研发计划,为国民经济和社会发展主要领域提供持续性的支撑和引领
国家重点研发计划,国家重点研发计划
国家重点研发计划,针对事关国计民生的重大社会公益性研究
国家重点研发计划,以及事关产业核心竞争力、整体自主创新能力和国家安全的重大科学技术问题
国家重点研发计划,突破国民经济和社会发展主要领域的技术瓶颈
精确主从控制,精确主从控制
精确主从控制,主从控制
精确主从控制,即建立主手和从手之间的映射关系
精确主从控制,并根据此映射关系设计相应的控制方法实现主手对从手的完全控制
狭小空间精准操作,狭小空间精准操作
狭小空间精准操作,医疗机器人的狭小空间精准操作是指医疗机器人在人体内部或其他狭窄空间内进行精细、准确的操作能力
狭小空间精准操作,这项能力在许多医疗程序中至关重要
狭小空间精准操作,尤其是在微创手术和一些复杂的医疗操作中
风险分析与安全控制,风险分析与安全控制
风险分析与安全控制,医疗机器人的风险分析与安全控制是指对医疗机器人在设计、制造、运行和维护过程中可能出现的风险进行系统的分析
风险分析与安全控制,并采取措施来控制或减轻这些风险
风险分析与安全控制,以保证患者和医疗人员的安全
动物与临床试验,动物与临床试验
动物与临床试验,临床前动物实验研究是评价和验证医疗器械可行性、安全性和有效性的重要手段之一
动物与临床试验,特别是针对一些尚未大量投入临床应用的高风险医疗器械及创新医疗器械
动物与临床试验,在开展临床试验研究之前需要先开展动物实验研究
动物与临床试验,而临床试验（ClinicalTrial）
动物与临床试验,指任何在人体（病人或健康志愿者）进行药物的系统性研究
动物与临床试验,以证实或揭示试验药物的作用、不良反应及/或试验药物的吸收、分布、代谢和排泄
动物与临床试验,目的是确定试验药物的疗效与安全性
动物与临床试验, 临床试验一般分为I、II、III、IV期临床试验和EAP临床试验
系统集成,系统集成
系统集成,系统集成( system integration)通常是指将软件、硬件与通信技术组合起来为用户解决信息处理问题的业务
系统集成,集成的各个分离部分原本就是一个个独立的系统
系统集成,集成后的整体的各部分之间能彼此有机地和协调地工作
系统集成,以发挥整体效益
系统集成,达到整体优化的目的
手术机器人系统,手术机器人系统
手术机器人系统,手术机器人系统是一种高度先进的医疗设备
手术机器人系统,用于协助或部分替代外科医生进行各种手术
手术机器人系统,这些系统结合了精密的机械臂、高级软件控制、精确的图像引导以及时的反馈
手术机器人系统,使手术更加精准、微创和安全
国家发明专利,国家发明专利
国家发明专利,国家发明专利是专利的一种
国家发明专利,我国专利法规定可以获得专利保护的发明创造有发明专利、实用新型专利和外观设计专利三种
国家发明专利,其中发明专利是最主要的一种
国产腔镜手术医疗器械,国产腔镜手术医疗器械
国产腔镜手术医疗器械,据国家药监局官网及各大药企公告不完全梳理发现
国产腔镜手术医疗器械,包括胸腹腔内窥镜手术控制系统在内
国产腔镜手术医疗器械,目前已有6款国产腔镜机器人获批
国产腔镜手术医疗器械,分别为威高的妙手S腔镜手术机器人、微创医疗的Toumai腔镜手术机器人、康多的腔镜手术机器人、精锋医疗的多孔腔镜手术机器人以及思哲睿的腔镜手术机器人SR1000
产业化,产业化
产业化,产业化是指某种产业在市场经济条件下
产业化,以行业需求为导向
产业化,以实现效益为目标
产业化,依靠专业服务和质量管理
产业化,形成的系列化和品牌化的经营方式和组织形式
产业化, “产业化”的概念是从“产业”的概念发展而来的
产业化,“产业”这个概念是属居于微观经济的细胞与宏观经济的单位之间的一个“集合概念”
产业化,它是具有某种同一属性的企业或组织的集合
产业化,又是国民经济以某一标准划分的部分的总和
机电一体化数字化装备,机电一体化数字化装备
机电一体化数字化装备, 机器人与机电一体化 大量智能化、数字化的工业机器人
机电一体化数字化装备,逐渐的取代传统的人工流水线作业模式
机电一体化数字化装备,智能工业机器人的广泛使用
机电一体化数字化装备,不仅能够解放了大量的人力
机电一体化数字化装备,同时还显著的提高了工业生产水平和质量
机电一体化数字化装备,此外
机电一体化数字化装备,随着机电一体化技术在工业机器人优化、升级和换代中的应用
机电一体化数字化装备,能够推动机电一体化技术逐渐的向数字化、智能化以及机械化方向发展
工业机器人关键技术,工业机器人关键技术
工业机器人关键技术,工业机器人关键技术包括： 一、开放性模块化的控制系统体系结构：采用分布式CPU计算机结构
工业机器人关键技术,分为机器人控制 运动控制器
工业机器人关键技术,光电隔离控制板、传感器处理板和编程示教盒等
工业机器人关键技术, 二、模块化层次化的控制器软件系统：软件系统建立在基于开源的实时多任务操作系统上
工业机器人关键技术,采用分层和模块化结构设计
工业机器人关键技术,以实现软件系统的开放性
工业机器人关键技术,整个控制器软件系统分为三个层次：硬件驱动层、核心层和应用层
工业机器人关键技术, 三、机器人的故障诊断与安全维护技术：通过各种信息
工业机器人关键技术,对机器人故障进行诊断
工业机器人关键技术,并进行相应维护
工业机器人关键技术,是保证机器人安全性的关键技术
工业机器人关键技术, 四、网络化机器人控制器技术：当前机器人的应用工程由单台机器人工作站向机器人生产线发展
工业机器人关键技术,机器人控制器的联网技术变得越来越重要
工业机器人关键技术,控制器上具有串口、现场总线及以太网的联网功能
工业机器人关键技术,可用于机器人控制器之间和机器人控制器同上位机的通讯
工业机器人关键技术,便于对机器人生产线进行监控、诊断和管理
工业机器人关键技术,工业机器人控制技术的主要任务就是控制工业机器人在工作空间中的运动位置、姿态和轨迹、操作顺序及动作的时间等
工业机器人关键技术,具有编程简单、软件菜单操作、友好的人机交互界面、在线操作提示和使用方便等特点
工业机器人关键技术,和计算机、网络技术一样
工业机器人关键技术,工业机器人的广泛应用正在日益改变着人类的生产和生活方式
德国红点奖,德国红点奖
德国红点奖,红点奖 
德国红点奖,源自德国
德国红点奖,是与IF设计奖齐名的一个工业设计大奖
德国红点奖,是世界上知名设计竞赛中最大最有影响的竞赛
德国红点奖,红点奖与德国“IF奖”、美国“IDEA奖”一起并称为世界三大设计奖
中国设计红星奖,中国设计红星奖
中国设计红星奖,德国红点奖机构于2015年在中国设立“中国好设计”奖 （China Good Design）简称CGD
中国设计红星奖,发起针对中国的全新国际化设计奖项
惯性约束核聚变,惯性约束核聚变
惯性约束核聚变,"惯性约束聚变, 是利用粒子的惯性作用来约束粒子本身"
惯性约束核聚变,从而实现核聚变反应的一种方法
惯性约束核聚变,其基本思想是：利用驱动器提供的能量使靶丸中的核聚变燃料（氘、氚）形成等离子体
惯性约束核聚变,在这些等离子体粒子由于自身惯性作用还来不及向四周飞散的极短时间内
惯性约束核聚变,通过向心爆聚被压缩到高温、高密度状态
惯性约束核聚变,从而发生核聚变反应
惯性约束核聚变,由于这种核聚变是依靠等离子体粒子自身的惯性约束作用而实现的
惯性约束核聚变,因而称为惯性约束聚变
惯性约束核聚变,详细介绍了其理论依据以及技术原理、实现惯性约束聚变的关键技术以及在我国的发展状况
美国国家点火工程装置,美国国家点火工程装置
美国国家点火工程装置,国家点火装置 是美国科学家研制的、世界最大的激光约束聚变装置
美国国家点火工程装置,由美国加利福尼亚州劳伦斯·利弗莫尔国家实验室研制
美国国家点火工程装置,可把200万焦的能量通过192条激光束聚焦到一个很小的点上
美国国家点火工程装置,从而产生类似恒星和巨大行星的内核以及核爆炸时的温度和压力
美国国家点火工程装置,在此基础上
美国国家点火工程装置,可以实施此前在地球上无法实施的许多试验
美国国家点火工程装置,该计划1997年开工
美国国家点火工程装置,2009年正式落成
美国国家点火工程装置,其最终目标是点火实现自持聚变反应
机器人核心技术,机器人核心技术
机器人核心技术,机器人核心技术通常指的是支撑机器人设计、制造和运作的关键技术和知识领域
机器人核心技术,包括：机械工程：涉及机器人的物理结构设计
机器人核心技术,包括机械臂、关节、驱动器（如伺服电机）和其他机械组件的设计和制造
机器人核心技术,电子工程：关于机器人的电路设计、电子组件（如传感器和控制系统）的集成和电力管理
机器人核心技术,控制理论：涉及对机器人运动和操作的控制算法
机器人核心技术,包括稳定性、响应速度和精确度的控制
机器人核心技术,计算机科学：包括机器人的编程、软件开发、人工智能和机器学习算法
机器人核心技术,以及数据处理和分析
机器人核心技术,传感器技术：机器人通过传感器感知环境
机器人核心技术,包括视觉传感器（如摄像头）、力觉和触觉传感器、超声波传感器等
机器人核心技术,人工智能和机器学习：让机器人能够自主学习和适应环境
机器人核心技术,提高决策能力和任务执行的自主性
机器人核心技术,人机交互（HMI）：涉及机器人的用户界面设计、语音和图像识别技术
机器人核心技术,以及交互式控制系统
机器人核心技术,机器人操作系统：如ROS（Robot Operating System）
机器人核心技术,提供了机器人编程和控制的标准化框架
机器人核心技术,网络和通信技术：使机器人能够通过无线网络等方式与外界通信
机器人核心技术,进行数据传输和远程控制
机器人化装备,机器人化装备
机器人化装备,机器人化装备研究方向主要围绕国家发展规划
机器人化装备,针对重点行业的需求
机器人化装备,进行特需机器人等装备的设计与研发工作
机器人化装备,努力促进我国机器人装备水平提高和产业化
机器人化装备,在跨学科系统集成、复杂系统控制、高动态特性装备研发等方面
机器人化装备,取得了一系列成果
机器人化装备,积累了大量的理论研究成果和工程技术经验
英国IVC认证,英国IVC认证
英国IVC认证,UK-IVC（英国验证中心）
英国IVC认证,哈尔滨工业大学与中核武汉核电运行技术股份有限公司联合研制成功具有自主知识产权的核反应堆压力容器检查机器人系统
英国IVC认证,是国内首个通过 IVC 认证的核反应堆压力容器检查机器人系统
秦山一期核电站,秦山一期核电站
秦山一期核电站,秦山一期核电厂是我国自行设计、建造和运营管理的第一座30万千瓦压水堆核电厂
秦山一期核电站,地处浙江省海盐县
秦山一期核电站,由中国核工业集团公司100%控股
秦山一期核电站,秦山核电有限公司负责电站的运营管理
秦山二期核电站,秦山二期核电站
秦山二期核电站,秦山第二核电厂位于东海之滨
秦山二期核电站,钱塘江入海口北岸
秦山二期核电站,坐落在海盐县秦山镇杨柳山
秦山二期核电站,与秦山核电一期、三期毗邻
秦山二期核电站,东临杭州湾
秦山二期核电站,地处华东电网负荷中心
秦山二期核电站,二期工程依然由中国自主承担设计、建造和运营任务
秦山二期核电站,采用压水反应堆技术
秦山二期核电站,安装4台60万千瓦发电机组
秦山二期核电站,由中国核工业集团公司、浙江省电力开发公司、申能（集团）有限公司、江苏省国信资产管理集团有限公司、中电投核电有限公司、安徽省能源集团有限公司共同出资兴建
秦山二期核电站,中国核工业集团公司控股
秦山二期核电站,核电厂的设计寿命为40年
岭澳核电站,岭澳核电站
岭澳核电站,岭澳核电站是1994年2月大亚湾核电站第一台机组胜利投产时
岭澳核电站,国务院决定兴建的广东第二座大型商用核电站
岭澳核电站,岭澳核电站规划建设4台百万千瓦级压水堆发电机组
岭澳核电站,首期建设2台
岭澳核电站,采用大亚湾核电站技术翻版加改进方案
岭澳核电站,在建设中加大了自主化和国产化力度
岭澳核电站,实现了建安施工自主化
岭澳核电站,主承包商全部由中方单位承担
福清核电站,福清核电站
福清核电站,福清核电站
福清核电站,工程规模为6台百万千瓦级压水堆核电机组
福清核电站,福清百万千瓦核电机组是目前中国自主化、国产化程度最高的核电机组
福清核电站,安全性非常可靠
福清核电站,一期工程建设的两台百万千瓦级机组
福清核电站,计划分别于2013年、2014年建成发电
福清核电站,福清核电站
福清核电站,可望成为中国核电发展技术水平、管理模式提升的一个符号
福清核电站,也将是中国核电迈入发展快车道的一个缩影
通用技术标准,通用技术标准
通用技术标准,《通用技术标准》是1995年水利电力出版社出版的图书
通用技术标准,本汇编由中国电力企业联合会组织有关专家汇集、整理而成
通用技术标准,内容包括水利水电枢纽工程等级划分及设计标准
通用技术标准,水利水电工程可行性、初步设计报告编制规程
通用技术标准,小型水力发电站设计规范
通用技术标准,水利水电工程设计防火规范
通用技术标准,水利水电工程施工组织设计规范
通用技术标准,水利水电工程制图标准等
通用技术标准,本汇编通用性强
通用技术标准,适合水利水电行业所有专业使用
通用技术标准,本汇编可供水利水电行业的设计、施工、管理、科研、教学人员使用
通用技术标准,亦可供其他标准化部门参考
救援机器人,救援机器人
救援机器人,面向地震、矿难等复杂环境探测与生命搜救的重大需求
救援机器人,研发了可靠性高、通讯稳定、跨越障碍能力强的灾后救援机器人
救援机器人,地震辅助救援机器人在国家地震救援训练中心实现应用示范；煤矿井下搜救机器人在龙煤集团新安煤矿井下完成了工程示范作业
救援机器人,产品配套应用于多家煤矿企业
救援机器人,经济效益与社会效益显著
救援机器人,推动了我国民用特种机器人的发展
国防军用机器人,国防军用机器人
国防军用机器人,针对国防军用需求
国防军用机器人,研制了系列化侦察、防暴机器人
国防军用机器人,其中包括：HIT-BTMD-330型静音爬壁机器人
国防军用机器人,体积小、移动速度快、隐蔽性强；球型、双轮式地面侦察机器人
国防军用机器人,便于携带操控
国防军用机器人,可抛投
国防军用机器人,适用于狭小环境、管道内部监视；轮履结合式爆炸物分解机器人
国防军用机器人,携带爆炸物分解用水炮
国防军用机器人,可自动瞄准；以及模块化多功能地面无人平台系统
国防军用机器人,具有较强的机动能力与作业能力
国防军用机器人,可以防水、防放射性和生化污染
特种测试装备,特种测试装备
特种测试装备,空对接机构热真空试验工装用于在真空罐中地面模拟热真空环境下空间机构对接的全过程
特种测试装备,验证和考核对接机构的工作能力
特种测试装备,是迄今为止国内进入真空罐中进行机构运动测试最大的地面模拟设备
特种机器人研究背景与意义,特种机器人研究背景与意义
特种机器人研究背景与意义,工业是高科技战略产业
特种机器人研究背景与意义,是国家安全的重要基石
特种机器人研究背景与意义,掌握面向工业服役的机器人核心技术
特种机器人研究背景与意义,推进相关机器人与机器人化装备的实用化发展
特种机器人研究背景与意义,对于增强我国综合实力、保证国家安全、提高国际竞争力具有重要意义
特种机器人研究背景与意义,  技术挑战与难点：如何满足大尺度、重载、高速、高加速度等苛刻性能要求；．如何实现强辐射、高温、水下等极端环境下安全防护和可靠服役；．如何提升特种环境机器人与操作者之间的远程交互能力
特种机器人研究背景与意义,   激光聚变重大装置：研制国内首台高效频率转换与快速引导聚焦系统、靶调整机器人等精密机器人装备
特种机器人研究背景与意义,应用于我国自主建设的大型多路激光装置
特种机器人研究背景与意义,综合打靶精度优于美国国家点火工程装置
核环境检测与维护,核环境检测与维护
核环境检测与维护,自主研发了国内首台具有自主知识产权的核反应堆压力容器检查机器人
核环境检测与维护,通过了英国IVC认证并投入使用
核环境检测与维护,在秦山一期、二期、岭澳、福清等核电站完成了役前、在役检测任务
核环境检测与维护,研制了我国首台核聚变堆重载包层维护机器人与多功能灵巧机械臂
核环境检测与维护,制订了通用技术标准和规范
电石出炉机器人,电石出炉机器人
电石出炉机器人,国内首台耐高温、抗强冲击电石出炉机器人
电石出炉机器人,在新疆中泰、新疆天业、内蒙古君正等上市龙头企业得到成功应用
电石出炉机器人,截止到 2018年实现销售额4.6亿元
电石出炉机器人,开创我国电石冶炼机器人先河
协作型工业机器人,协作型工业机器人
协作型工业机器人,研发了新一代人机协作型工业机器人
协作型工业机器人,操作复杂度更高、技巧性更强
协作型工业机器人,机器人的核心部件具有独立自主知识产权
协作型工业机器人,全部实现国产化
协作型工业机器人,解决了批量化制造难题
协作型工业机器人,哈工大协作型工业机器人2018年获得了'世界三大设计奖之一'的德国红点奖与'中国设计界的奥斯卡'中国设计红星奖
焊接机器人,焊接机器人
焊接机器人,2018 哈工大负责的国家重点研发计划大型复杂结构智能激光焊接机器人项目 HT-30 激光焊接机器人
焊接机器人,2008 年哈工大研制的QH-165 点焊机器人
焊接机器人,成功应用于奇瑞汽车焊装线
焊接机器人,1999 年哈工大负责的国家 863 计划工业机器人产业化项目 HT-120 点焊机器人
焊接机器人,应用于长春一汽红旗车焊装线
焊接机器人,1998 年哈工大负责的国家 863 计划工业机器人产业化项目 HT-10 弧焊机器人
焊接机器人,应用于长春一汽轻型车焊装线
码垛机器人,码垛机器人
码垛机器人,2014年国家'863'项目
码垛机器人,RB200 型 200Kg 码垛机器人
码垛机器人,最大码垛能力：1100袋／小时；RB300型300Kg码垛机器人
码垛机器人,最大码垛能力 720袋／小时；截止2018年
码垛机器人,石化行业包装码垛机器人替代进口产品
码垛机器人,国内市场占有率70%
喷涂机器人,喷涂机器人
喷涂机器人,2016 年哈工大研制的卫浴喷涂机器人
喷涂机器人,用于卫浴喷釉.卫浴搪瓷喷釉机器人系统
喷涂机器人,较人工提升工作效率2倍
喷涂机器人,改善工作环境
“产学研用”机器人成果转化,“产学研用”机器人成果转化
“产学研用”机器人成果转化,工业机器人作为最典型的机电一体化数字化装备
“产学研用”机器人成果转化,已成为衡量一个国家制造业水平和科技水平的重要标志
“产学研用”机器人成果转化,实验室面向国民经济重大需求
“产学研用”机器人成果转化,集智攻关工业机器人关键技术
“产学研用”机器人成果转化,与业内龙头企业合作
“产学研用”机器人成果转化,建立'产学研用'四位一体的科技创新与成果转化体系
“产学研用”机器人成果转化,增强工业机器人自主研发能力
“产学研用”机器人成果转化,促进国民经济发展
“产学研用”机器人成果转化,2007 埃夫特 通用机器人2012 博实股份 搬运、码垛机器人   电石机器人2013 钱江机器人 通用机器人2014 芜湖研究院 ADV机器人2016 铭赛股份 点胶机器人2016 哈工大（福建）工研院．智能服务机器人点胶机器人2017 国家创新中心 新兴工业机器人2017 汇博机器人 卫浴打磨机器人2020 玄智科技 竞技机器人2022 哈尔滨思哲睿智能医疗设备股份有限公司·腔镜手术机器人
康复机器人,康复机器人
康复机器人,技术挑战：便携模块化设计  柔顺驱动关节  智能渐进式康复策略
康复机器人,创新成果：面向康复医疗与助老助残需求
康复机器人,研发了用于康复训练、截瘫助行、生活辅助的康复机器人
康复机器人,与多家医院、康复中心合作
康复机器人,联合开展康复机器人的临床实验与应用测试
智能假肢,智能假肢
智能假肢,创新成果：多感知系统、多模式肌电控制、生机交互及系统集成方面取得研究成果
智能假肢,研制成功了具有位置、力觉、触觉等多种感知功能的系列化灵巧假肢
智能假肢,建立基于脑电、肌电、电刺激感知反馈等多源生物信息的生机交互接口
智能假肢,结合物体检测、眼动追踪、深度解码等人工智能控制方法
智能假肢,实现灵巧假肢多运动模式的感官性操控
智能假肢,完成多例患者实验并进行临床应用
眼科显微手术机器人,眼科显微手术机器人
眼科显微手术机器人,技术挑战：在眼内执行厚度小于10μm黄斑前膜的撕膜手术
眼科显微手术机器人,直径小于100 μm的视网膜血管堵．穿过孔膜上直径小于2mm的微创孔
眼科显微手术机器人,深入到眼球内部进行手术操作
眼科显微手术机器人,塞注药手术等精细操作
眼科显微手术机器人,创新成果：研制了可实现眼内和眼底手术的眼科显微手术机器人；．研制了微米级操作精度、高灵活性的眼底注药器；．研制了集成于外径700 μm、内径400 μ m注药器外管的二维力传感器
眼科显微手术机器人,实现了眼底手术微小操作力的感知
血管介入微创手术机器人,血管介入微创手术机器人
血管介入微创手术机器人,技术挑战：研制集导管导向、导管推进、三维位置和姿态跟踪于一体的机器人手术导管系统
血管介入微创手术机器人,实现医生在3D导航图像的引导下
血管介入微创手术机器人,基于主从操作方式
血管介入微创手术机器人,操纵导管输入和导向装置
血管介入微创手术机器人,进行精确、快速、安全地导管插入操作
血管介入微创手术机器人,创新成果：创新性地提出基于电磁定位传感器、结合三维引导图像开展导管插管术
血管介入微创手术机器人,实现了大量缩减X光的使用时间和改善血管介入手术操作技术
血管介入微创手术机器人,使导管容易到达任何医生想到达的病变部位
血管介入微创手术机器人,系统由弯形可控导管、磁定位系统、主从介入装置和3D引导图像组成
血管介入微创手术机器人,研究成果为心脑血管介入导管手术和新型智能导管研制提供了一个全新的思路
多孔腔镜微创介入手术机器人,多孔腔镜微创介入手术机器人
多孔腔镜微创介入手术机器人,技术挑战：新型手术执行机构创成与综合方法、系列化手术微器械设计方法、力反馈主手系统设计技术、基于力反馈的'主﹣从'控制技术、医疗机器人标准、多自由度柔性传动、人机交互设备重力补偿机制、微型三维视觉成像与再现技术
多孔腔镜微创介入手术机器人,创新成果：提出了面向高安全性的结构参数优化方法、新型远心定位机构设计方法、微创手术器械运动硬件解耦方法
多孔腔镜微创介入手术机器人,建立了透明性人与机器人协同操作模型、实现了生物组织模型3D重建及物理特性再现
多孔腔镜微创介入手术机器人,解决了系统的电磁兼容性、生物兼容性问题
多孔腔镜微创介入手术机器人,发表SCI文章30余篇
多孔腔镜微创介入手术机器人,发明专利39项
多孔腔镜微创介入手术机器人,专利转让20项
多孔腔镜微创介入手术机器人,完成了动物与样本试验
多孔腔镜微创介入手术机器人,成功率100%
多孔腔镜微创介入手术机器人,研究成果正在进行产业化
脊柱微创手术机器人,脊柱微创手术机器人
脊柱微创手术机器人,技术挑战：脊柱是人体重要的神经走道
脊柱微创手术机器人,椎弓根周围神经密布
脊柱微创手术机器人,手术风险高、对系统精度要求高
脊柱微创手术机器人,术中呼吸等因素增加了手术操作难度和不确定性
脊柱微创手术机器人,创新成果：面向脊柱外科典型术式
脊柱微创手术机器人,研制脊柱微创手术机器人系统
脊柱微创手术机器人,突破导航规划技术、器械高精度跟踪技术、机器人自主／半自主控制技术、手术安全预警及呼吸跟踪补偿技术
脊柱微创手术机器人,完成机器人临床解决方案制定、并开展相关医学实验验证
医疗机器人,医疗机器人
医疗机器人,研究背景与意义：医疗机器人是医疗服务体系、公共卫生体系建设中重要的基础装备
医疗机器人,是引领医学诊疗技术向早期诊断、精确诊断、微创治疗和精准治疗发展的重要支撑
医疗机器人,也是催生新一轮健康经济发展的核心引擎
医疗机器人,具有高度的前瞻性、战略性、带动性和成长性
医疗机器人,习近平总书记明确指出：'要加快高端医疗设备国产化进程
医疗机器人,降低成本
医疗机器人,推动民族品牌企业不断发展'
医疗机器人,重点实验室立足医疗机器人国际学术研究前沿
医疗机器人,面向国民经济发展和人民健康需求
医疗机器人,开展诊疗一体化、微创、介入、精准治疗等医疗机器人关键技术与系统研究
医疗机器人,行业贡献：重点实验室承担了一批国家自然科学基金基础研究、863计划、国家重点研发计划等重点和重大医疗机器人研究项目
医疗机器人,突破了医疗机器人灵巧手术器械设计、力反馈感知、精确主从控制、狭小空间精准操作、风险分析与安全控制、动物与临床试验、系统集成等关键技术
医疗机器人,研制了骨科、普外科、心内科、神经外科手术机器人系统
医疗机器人,获省部级科技进步奖4项、出版专著3部、获国家发明专利200余项
医疗机器人,腹腔微创手术系统正在实施产业化
医疗机器人,践行了创新驱动发展国家战略
骨科手术辅助机器人,骨科手术辅助机器人
骨科手术辅助机器人,技术挑战：牵引复位机器人与导航机器人系统设计 远程手术控制．虚拟手术．全自动C型臂X光机．手术导航规划
骨科手术辅助机器人,创新成果：突破了牵引复位并联机器人、导航机器人、全自动C型臂X光机、远程控制系统、导航规划软件和虚拟手术等技术
骨科手术辅助机器人,组成了全数字化骨科手术机器人系统
骨科手术辅助机器人,对提高手术精度、减少医生受线等意义重大
骨科手术辅助机器人,完成多例临床尸体标本手术实验
高铁底部巡检机器人,高铁底部巡检机器人
高铁底部巡检机器人,技术挑战：强电、强磁和强屏蔽环境．低矮狭小空间
高铁底部巡检机器人,创新成果：面向高铁区间安全运行临检需求
高铁底部巡检机器人,突破强电、强磁和高屏蔽环境机器人车道跟踪、导航、通信及遥控等技术
高铁底部巡检机器人,开发列车底部巡查机器人系统
高铁底部巡检机器人,替代人工检查完成车底安全检查
高铁底部巡检机器人,实现安全和灵活的便携式车底临检
高铁底部巡检机器人,已在动车所试用
电网服务机器人,电网服务机器人
电网服务机器人,技术挑战：高压带电线路．高空强磁环境．载荷轻量化
电网服务机器人,创新成果：面向人工高压线带电巡查与检修劳动强度大和高危险问题
电网服务机器人,开发具有带电检修操作能力的高压维护机器人
电网服务机器人,攻克机器人对输电线断股、腐蚀等视觉定位、自主规划与智能控制、通信与遥操作等核心技术
电网服务机器人,形成机器人维护装备
电网服务机器人,减轻人工作业的负担与提升作业安全性和效率
电网服务机器人,可用于国网、南网和发电等国有企业
电网服务机器人,样机产品已在国网应用
档案机器人,档案机器人
档案机器人,技术挑战：档案、地面与柜体不标准．操作空间狭小．任务随机
档案机器人,创新成果：将移动机器人系统应用于档案管理环节属于国内外首创技术
档案机器人,在机器人系统设计集成、多机器人自主定位与导航、动态群系统的调度及路径规划技术、视觉伺服技术、复杂系统软件技术和安全及可靠性技术方面得到突破
档案机器人,实现了无人值守
档案机器人,自动传送、取还和自充电等任务
档案机器人,该方案为我国服务机器人在档案管理行业的产业化发展提供坚实基础
档案机器人,为国家某部门提供三类20台机器人应用示范
助老助残机器人,助老助残机器人
助老助残机器人,技术挑战：动态复杂环境感知．随机任务规划．自定位与目标操控
助老助残机器人,创新成果：面向助老助残需求
助老助残机器人,研究开发了作业型助老陪护机器人
助老助残机器人,可以实现室内环境下的行走
助老助残机器人,与老人、孩子交互
助老助残机器人,并通过双臂协调完成简单日常抓持物体操作
助老助残机器人,该平台解决了动态环境感知、路径规划与航、手眼协调与手臂操控技术
助老助残机器人,具有视觉和语音交互、力觉和触觉交互等多方式交互形式
助老助残机器人,承担重点研发项目、国家'863'、自然科学基金等课题十余项
助老助残机器人,为我国高校相关研究与合作提供了多个研发平台
智能服务机器人,智能服务机器人
智能服务机器人,技术挑战：多场景适应．智能导航与任务规划．多方式人机交互
智能服务机器人,创新成果：围绕智能服务导游导购和安全巡逻等需求
智能服务机器人,2002年开始研究机器人系统集成、环境感知与定位、路径规划和人机交互等核心技术
智能服务机器人,完成新加坡、英国等国内外公共环境导游、巡检和展示机器人二十余种新产品开发
智能服务机器人,应用到银行、展览馆、水族馆和物流仓储等公共场所
智能服务机器人,在机器人可靠性、实用化操作和智能化等方面国内领先
银行专业服务机器人,银行专业服务机器人
银行专业服务机器人,技术挑战：精准SLAM技术与移动平台、语音识别与交互、3D人脸注册、银行机器人运维管理平台、专业数据库
银行专业服务机器人,创新成果：研发的银行机器人具有自定义脸部表情、屏幕调节升降、人脸辨识、自由语音交谈、智能家电管理（语音控制灯光、交易机开关等）、银行业务查询及引导（直接对答、上下文问答、推荐问答）、激光自动导航及避障、非接触式卡读取（身份证、银行卡）、智能大屏同步或点播、自动充电等功能
银行专业服务机器人,为智慧银行的发展提供智能装备
银行专业服务机器人,已经在超过100家银行网点应用
工业机器人研究背景与意义,工业机器人研究背景与意义
工业机器人研究背景与意义,智能服务机器人是在非结构环境下为人类提供必要服务的多种高技术集成的智能化装备
工业机器人研究背景与意义,是我国先进制造的前沿技术
工业机器人研究背景与意义,随着人口老龄化趋势及需求快速增长
工业机器人研究背景与意义,服务机器人正迈入智能化新时代
工业机器人研究背景与意义,重点实验室立足国家科技发展控制等共性技术
工业机器人研究背景与意义,成为国内服务机器人研究与产业支撑的核心力量之一
工业机器人行业贡献,工业机器人行业贡献
工业机器人行业贡献,重点实验室承担一批服务机器人863、重点研发等项目
工业机器人行业贡献,突破了可穿戴人机协同控制、复杂环境感知、多场景定位导航、强磁强电环境机器人控制等关键技术
工业机器人行业贡献,研制了辅助增强、助老、档案、电网等服务机器人
工业机器人行业贡献,有效支撑了智慧生活、智慧银行、智慧电网和轨道交通等领域发展
工业机器人行业贡献,强力支撑多行业产业发展
穿戴式辅助增强机器人,穿戴式辅助增强机器人
穿戴式辅助增强机器人,技术挑战：．可穿戴机器人仿生设计．人体运动意图感知．人机高效协同控制
穿戴式辅助增强机器人,创新成果：．面向负载携行助力需求
穿戴式辅助增强机器人,自主研发了系列化穿戴式外骨骼机器人
穿戴式辅助增强机器人,军用单兵外骨骼实现了高原环境应用测试
穿戴式辅助增强机器人,外骨骼分别在中国地震应急救援中心、消防部队等完成应用示范
穿戴式辅助增强机器人,成果应邀参加'十二五'科技创新展
星表移动与探测技术,星表移动与探测技术
星表移动与探测技术,行业贡献：．为我国'玉兔号'月球车提供了'6驱动／4转向／主副摇臂／差动均姿'悬架构型及设计参数与筛网轮构型
星表移动与探测技术,技术挑战：．轮壤作用机理：车轮构型设计、驱动参数确定的理论基础．悬架构型设计：星球车平稳性、地形适应性的保障．提供了'玉兔号'月球车、火星车转移机构．提出轮步式火星车移动系统构型
星表移动与探测技术,移动性能优越
星表移动与探测技术,方案已被我国火星车采用．研制了单吊索月球车、火星车低重力模拟测试系统．获国家技术发明二等奖1项、省部级一等奖1项
星表移动与探测技术,出版专著1部
星表移动与探测技术,创新成果：．星球车轮壤作用机理：建立了轮壤作用滑转沉陷的本构模型
星表移动与探测技术,解决了Bekker等经典模型中未考虑沉陷量随滑转率变化的问题
星表移动与探测技术,奠定了星球车轮壤作用力学基础．星球车车轮构型：揭示了车轮构型参数、滑转率对牵引力的影响规律
星表移动与探测技术,创新设计了多种车轮构型
星表移动与探测技术,研制的筛网轮构型被我国'玉兔一号''玉兔二号'月球车采用．星球车悬架构型：提出了以自适应地形、多轮独立驱动为特征要素的悬架构型综合方法
星表移动与探测技术,建立了悬架构型图谱库
星表移动与探测技术,确定了'玉兔号'月球车、火星车的悬架构型
星表移动与探测技术,重载六足机器人技术：．项目团队成功研制出3款面向复杂环境的六足机器人样机
星表移动与探测技术,其中EISpider-11为国内尺度最大的电驱动六足机器人
星表移动与探测技术,HySpider为世界上重量最大的六足机器人
空间折展机构与变形翼技术,空间折展机构与变形翼技术
空间折展机构与变形翼技术,技术挑战：折展机构：大型化、轻量化、高刚度、高精度、大折展比．变 形 翼：大变形、高承载、高刚度、快响应、耐高温
空间折展机构与变形翼技术,行业贡献：联合研制出我国首个60米长大型空间伸展臂、57米大型模块化雷达天线机构；研究成果用于我国雷达天线、高轨雷达及大口径曲面天线
空间折展机构与变形翼技术,为我国远程空间通和高分辨对地观测提供了核心装备
空间折展机构与变形翼技术,．为我国高超声速飞行器提供了核心装备
空间折展机构与变形翼技术,创新成果：提出基于李代数的空间折展机构活动度分析方法和闭环机构可动性判断准则
空间折展机构与变形翼技术,构建出空间折展机构单元构型库；形成空间大型折展机构的组成理论．攻克单元刚化、多模块联动、高精度曲面拼接关键技术
空间折展机构与变形翼技术,解决机构大折展比、高刚度和可重复展收等共性设计难题
空间折展机构与变形翼技术,提出直线、平面、曲面大型折展机构模块化组网设计方法
宇航空间机构及控制研究背景与意义,宇航空间机构及控制研究背景与意义
宇航空间机构及控制研究背景与意义,近年来
宇航空间机构及控制研究背景与意义,我国在载人航天、探月工程、高分辨率对地观测、卫星通信与导航等领域取得了令世界瞩目的成就
宇航空间机构及控制研究背景与意义,现代宇航空间机构研究为该领域的发展提供了重要的理论与技术支撑
宇航空间机构及控制研究背景与意义,1999年
宇航空间机构及控制研究背景与意义,哈尔滨工业大学邓宗全教授在国内率先开辟了宇航空间机构及控制这一学术方向
宇航空间机构及控制研究背景与意义,2004年成立了哈工大宇航空间机构及控制研究中心
宇航空间机构及控制研究背景与意义,2007年成为首批国防重点学科实验室
宇航空间机构及控制研究背景与意义,实验室的定位是以国家重大航天需求为牵引
宇航空间机构及控制研究背景与意义,开展宇航空间机构领域基础性、前沿性、战略性研究
宇航空间机构及控制研究背景与意义,突破一批关键技术
宇航空间机构及控制研究背景与意义,建成学术创新与人才培养基地
空间灵巧手技术,空间灵巧手技术
空间灵巧手技术,创新成果：感知是灵巧操作关键
空间灵巧手技术,发明非规则曲面柔性触觉传感器和指尖平面式微型六维力／力矩传感器
空间灵巧手技术,手指集成温度、电流、限位、位置和力等28个传感器
空间灵巧手技术,．针对传统驱动外置型灵巧手重量大、动态响应慢问题
空间灵巧手技术,提出驱动内置型灵巧手设计方法
空间灵巧手技术,将所有驱动器置于手指指部或根部
空间灵巧手技术,据此研制驱动控制于一体的模块化手指
空间灵巧手技术,．建立五指灵巧手运动学模型并基于力／力矩等多传感器信息
空间灵巧手技术,提出基于物体阻抗的多指协同控制方法
空间灵巧手技术,实现无过力、抗干扰的稳定物体抓取
空间灵巧手技术,行业贡献：2016年9月15日我国首个空间灵巧手随天宫二号在酒泉卫星发射中心成功发射
空间灵巧手技术,10月至11月开展人机协同在轨维修试验9次
空间灵巧手技术,累计80人时
空间灵巧手技术,．成功完成国际首次在轨手持电动工具旋拧螺钉、在轨插拔航天电连接器
空间灵巧手技术,我国首次航天员在轨遥操作灵巧手等精细操作任务
空间灵巧手技术,获国家技术发明二等奖2项
空间灵巧手技术,2007欧盟机器人技术和转化一等奖1项
空间灵巧手技术,出版专著1部
空间机械臂技术,空间机械臂技术
空间机械臂技术,创新成果：针对大温差下活动部件卡死难题
空间机械臂技术,提出关节轴承刚性﹣弹性混合预紧方法
空间机械臂技术,发明轴承预紧力精确量技术
空间机械臂技术,提高轴系对温变的鲁棒性
空间机械臂技术,．建立空间机械臂刚柔耦合动力学模型
空间机械臂技术,发明阻尼注入式末端振动主动抑制技术
空间机械臂技术,解决刚柔耦合系统残余抖动问题
空间机械臂技术,．发明基于加速度动态最优配置的轨迹规划和变阻尼系数避动力学奇异方法
空间机械臂技术,解决非完整约束条件下机械臂与浮动卫星平台的耦合运动和快速跟踪难题
空间机械臂技术,行业贡献：2013年7月20日研制成功我国首台空间在轨服务机器人
空间机械臂技术,随试验七号卫星发射入轨
空间机械臂技术,至今已在轨无故障服务2000余天
空间机械臂技术,使我国成为继美国轨道快车（2007）后第二个具有自主在轨抓捕卫星技术的国家
空间机械臂技术,．空间机械臂的研究成果还成功应用于我国玉兔号月球车机械臂、我国空间站实验舱机械臂等
空间机械臂技术,获国家技术发明二等奖2项
空间机械臂技术,中国高校十大科技进展1项
空间机械臂技术,出版专著1部
空间机器人研究背景与意义,空间机器人研究背景与意义
空间机器人研究背景与意义,航天器是国家战略资源
空间机器人研究背景与意义,实现航天器在轨服务对国家安全至关重要
空间机器人研究背景与意义,已成为世界强国空间技术竞争的焦点
空间机器人研究背景与意义,空间机器人可以自主完成在轨维护维修等任务
空间机器人研究背景与意义,是空间在轨服务、空间站建设与维护以及深空探测的核心装备
空间机器人研究背景与意义,1999年哈尔滨工业大学刘宏教授在国内率先开辟了空间机器人这一学术方向
空间机器人研究背景与意义,2001年成立'哈工大﹣德宇航机器人联合实验室'
空间机器人研究背景与意义,2008年经中德两国航天局批准建立了'中德空间机器人技术联合实验室'
空间机器人研究背景与意义,2016年被科技部认定为'空间机器人国家国际合作基地'
空间机器人研究背景与意义,实验室以深空探测和在轨服务国家重大需求为牵引
空间机器人研究背景与意义,开展空间机器人领域基础性、前沿性研究
空间机器人研究背景与意义,突破了一批关键技术
空间机器人研究背景与意义,成为学术创新与人才培养基地
空间机器人技术挑战与难点,空间机器人技术挑战与难点
空间机器人技术挑战与难点,工作环境恶劣、耦合运动复杂、操作任务精细
水黾机器人,水黾机器人
水黾机器人,基于生物水黾运动机理
水黾机器人,研制出世界首款水面跳跃、滑行、滑翔等系列微型机器人
水黾机器人,发表多篇JCR一区高水平论文
水黾机器人,得到了美国化学会新闻周刊、ScienceDaily等国内外知名媒体关注和报道
仿生青蛙,仿生青蛙
仿生青蛙,仿生青蛙机器人是根据青蛙的运动机理分析后所抽象出的生物和数学模型研制的机器人
仿生青蛙,具有起跳姿态与角度可调整、着陆稳定和可控制性
仿生青蛙,青蛙机器人可以变换到游动姿态
仿生青蛙,实现两栖运动
四足机器人,四足机器人
四足机器人,仿照'陆地速度王者'猎豹研发的脊柱型高速奔跑四足机器人
四足机器人,能实现各类高速步态
四足机器人,同时将脊柱驱动融入到足式动步态的本质级模型﹣SLIP中
四足机器人,实现了完美的脊腿协调
扑翼飞行机器人,扑翼飞行机器人
扑翼飞行机器人,为了满足户外条件下长航时、远距离飞行的需求
扑翼飞行机器人,研制了翼展超过2m、飞行时间超过30分钟、抗风能力超过4级的大型仿生扑翼飞行机器人
扑翼飞行机器人,有哈工大之鹰HIT-HawkBot、哈工大凤凰HIT-PhoenixBot 两种版本
扑翼飞行机器人, HIT-HawkBot及HIT-PhoenixBot克服了固定翼、旋翼无人机成本高、能量利用率低、隐身能力弱等缺陷
扑翼飞行机器人,且在自主能力、抗风能力、带载能力、巡航能力等方面明显高于微小型扑翼飞行器
六足机器人,六足机器人
六足机器人,小型仿生六足机器人HIT-CR以六足昆虫为仿生对象
六足机器人,进行了结构仿生、功能仿生、控制仿生等方面的研究工作
六足机器人,该机器人具备足端力、关节力矩、姿态、关节角度传感器、以及主动跟随的双目视觉系统
六足机器人,结合步态规划和神经反射控制策略
六足机器人,对非结构化环境具有良好的适应性
模块化自重构机器人,模块化自重构机器人
模块化自重构机器人, 由大量标准模块单元组成
模块化自重构机器人,模块之间可以动态组合、自主变形
模块化自重构机器人,特别适用于环境复杂、任务多变的场合
模块化自重构机器人,在军事、救灾、航空航天、教育等多个领域有着广阔的应用前景
微纳操作机器人,微纳操作机器人
微纳操作机器人,表／界面模型→操作方法／工具→操作／测试系统→应用验证：．率先构建双手微纳操作机器人系统
微纳操作机器人,实现50nm以下一维纳米材料的三维操作和微纳器件组装
微纳操作机器人,相关技术应用于国家重大工程'惯性约束聚变'微靶器件复杂微装配；生物细胞粘附力纳米镊子测量法
微纳操作机器人,把效率提高50倍以上
微纳操作机器人,并解决了细胞膜／核粘弹性力学原位无伤害测量难题；．磁致峰值力调制纳米力学成像方法
微纳操作机器人,与同类最先进方法相比
微纳操作机器人,测量频率与模量范围提高2个数量级
微纳操作机器人,并拓展解决了力学、势能、电荷密度多参数同步测试难题
微纳操作机器人,为表／界面机理研究提供解决途径
微纳操作机器人,.基于AFM纳米机器人系统的微纳制造：通过微纳游动机器机理及工艺研究
微纳操作机器人,突破了传统机械加工的极限
微纳操作机器人,在金属、 半导体等材料表面实现了任意型面结构的制造检测一体化
微纳操作机器人,实现如生物功能界面、拉曼增强基底、纳流控芯片的可控制造与检测
微纳游动机器人,微纳游动机器人
微纳游动机器人,微纳游动机器人制备→个体控制→群体调控→体外给药验证：．解决了亚毛细血管尺度（<7 μm）游动机器人制造、药物装载难题；．实现个体跨越陡峭障碍（高度比＞10)、输送大负载（体积比＞103）的高性能运动控制；．实现群体的多模态重构、导航、集群操纵的自主调控：可高效穿越 6 μm 模拟毛细血管和类蚁群输送超大负载（体积比约105)
微纳游动机器人,为体内药物高效输送提供了解决途径；．完成了体外给药与原位检测实验验证
微纳游动机器人,为体内应用奠定了基础
仿生机器人作用与影响,仿生机器人作用与影响
仿生机器人作用与影响,获得国家技术发明二等奖1项、省部级奖项11项；．近年来
仿生机器人作用与影响,发表SCI检索论文300余篇
仿生机器人作用与影响,涵盖多学科交叉领域的权威学术期刊
仿生机器人作用与影响,其中封面／亮点文章8篇：出版中、英文专著2部
仿生机器人作用与影响,发明专利80余项；．获得包括顶级机器人国际会议IROS在内的最佳会议论文5篇；担任国际权威期刊编委5人次
仿生机器人作用与影响,受邀国际会议大会报告和特邀报告20余人次；相关技术服务于国家重大工程
仿生机器人研究背景与意义,微纳机器人研究背景与意义
仿生机器人研究背景与意义,微纳机器人技术把人类感知、操控极限下探到分子甚至原子尺度
仿生机器人研究背景与意义,在传统方法无可企及的尺度上为生物医学、微纳制造等前沿领域提供全新视角和颠覆性的研究方法与实现手段
仿生机器人研究背景与意义,是当前机器人领域的前沿热点之一
仿生机器人研究背景与意义,微纳机器人可分为两类：(1）微纳操作机器人
仿生机器人研究背景与意义,是具备微纳操纵能力的宏观尺度机器人
仿生机器人研究背景与意义,如基于原子力显微镜的机器人系统
仿生机器人研究背景与意义,为微纳制造、生物操作、测试表征等提供了技术、装备支持；(2）微纳游动机器人
仿生机器人研究背景与意义,指能在液体中游动的尺寸在1 nm~100 μm 左右的机器人
仿生机器人研究背景与意义,为介入式健康监测、超微诊断、靶向给药等提供变革性手段
仿生机器人研究背景与意义,两者具有共性的基础理论（微纳表／界面物理）和相通的关键技术（高精度驱动、感知、控制等）
仿生机器人研究背景与意义,形成相通互融的多学科交叉研究体系
仿生机器人研究背景与意义,科学意义重大
仿生机器人研究背景与意义,应用前景广阔
仿生机器人挑战与难点,微纳机器人挑战与难点
仿生机器人挑战与难点,由于尺度效应
仿生机器人挑战与难点,表／界面交互作用主导微纳机器人的行为
仿生机器人挑战与难点,给其设计、驱动、传感与控制带来前所未有的挑战：界面机理：表界面特性复杂、机理不明
仿生机器人挑战与难点,缺乏有效的模型与表征手段   可控制造：尺度小、结构精巧、生物兼容性要求苛刻
仿生机器人挑战与难点,难以可控制造  精准操控：交互作用力学行为多变
仿生机器人挑战与难点,驱动、传感受限
仿生机器人挑战与难点,难以精准操控
实验室研究方向,实验室研究方向
实验室研究方向,机器人设计方法与共性技术:机器人构型的创新及优化设计．机器人系统动力学及控制方法．机器人新型功能部件及单元技术
实验室研究方向,机器人认知与行为控制：．先进机器人自治行为理论与方法．机器人群智能相关理论与方法
实验室研究方向,机器人认知与行为控制：．先进机器人自治行为理论与方法．机器人群智能相关理论与方法
实验室研究方向,机器人人机交互与和谐共存：．人机合作与交流机器人技术．遥操作与网络遥操作的机器人技术
机器人设计方法与共性技术,机器人设计方法与共性技术
机器人设计方法与共性技术,．机器人构型的创新及优化设计．机器人系统动力学及控制方法．机器人新型功能部件及单元技术
机器人认知与行为控制,机器人认知与行为控制
机器人认知与行为控制,．先进机器人自治行为理论与方法．机器人群智能相关理论与方法
机器人人机交互与和谐共存,机器人人机交互与和谐共存
机器人人机交互与和谐共存,．人机合作与交流机器人技术．遥操作与网络遥操作的机器人技术
机器人及机电一体化系统集成,机器人及机电一体化系统集成
机器人及机电一体化系统集成,. 面向国家重大科学工程的机器人技术与系统．面向国防安全的机器人技术与系统．面向安全生产、防灾救援需求的机器人技术与系统．面向国家国民经济重大行业（机械制造、石化、冶金、汽车等）的机器人及自动化生产装备．面向光电制造与生命科学实验的精密作业设备．纳米级微驱动与微操作机器人、微小型机器人、仿生机器人、智能服务机器人、遥操作与网络操作机器人、移动操作机器人、多机器人协作系统等
实验室组织机构,实验室组织机构
实验室组织机构,包括学术委员会、指导委员会、室务委员会
实验室组织机构,实验室由实验室办公室、开放服务部、行政事业部、学术交流部、平台管理部组成
实验室组织机构,团队上包括学术带头人、技术支持团队、研究团队、公共实验室
实验室特色,实验室特色
实验室特色,1. 航天/国防技术源头创新与工程实施的重要基地2. 推动科技成果转化与产业转型升级的重要基地3. 开展高层次国际交流与合作研究的重要平台4. 为国家培养机器人专业人才的重要基地5. 在国家科技决策与咨询方面发挥重要作用
实验室定位,实验室定位
实验室定位,1. 面向世界机器人领域科技前沿
实验室定位,在空间机器人先进构型设计、受限环境机器人系统分析与智能控制、微纳机器人建模与驱动等基础研究方面处于国际领先地位
实验室定位,2. 面向国家重大需求
实验室定位,支撑国家重大科学工程建设
实验室定位,成为我国航天、国防、军工领域发展不可替代的重要科技力量
实验室定位,3. 面向国民经济主战场
实验室定位,突破一批制约机器人产业化的技术瓶颈
实验室定位,促进科研成果的转化
实验室定位,提升国产机器人国际竞争力
实验室定位,以基础和应用基础研究为根本:瞄准机器人技术国际前沿研究方向
实验室定位,开展前瞻性和创新性基础的应用基础研究   满足国家重大需求:立足航天
实验室定位,服务国防
实验室定位,以理论研究和关键技术为突破口
实验室定位,为国家安全和重大需求提供技术支撑   服务国民经济建设:围绕国民经济主战场和产业需求
实验室定位,开展核心技术和重大装备攻关
国际交流,国际交流
国际交流,曾有加拿大阿尔伯塔大学Hong Zhang教授、加拿大UBC Bjarni Tryggvason教授、美国斯坦福大学机器人实验室主任 Oussama Khatib教授、美国MIT的Steven Dubowsky教授、法国HEC商学院Michel Gauthier教授、德国宇航中心机器人与机电一体化研究所Hirzinger所长、德国奥登堡大学Sergej Fatikow教授、芬兰坦佩雷理工大学Pasi Kallio教授、日本工业大学广濑茂男教授等多名国内外知名学者、专家来访
实验室概况,实验室概况
实验室概况,机器人技术与系统国家重点实验室源自哈尔滨工业大学机器人研究所
实验室概况,始建于1986年
实验室概况,是我国最早开展机器人技术研究的单位之一
实验室概况,实验室依托机械工程（第四次学科评估A+)、控制科学与工程（A+)、电气工程（A-）等一级学科组建
实验室概况,2007年开始筹备
实验室概况,2007年8月通过可行性论证
实验室概况,2010年7月通过建设验收
实验室概况,2013年通过首次评估
实验室概况,获评良好；2018年通过二次评估
实验室概况,获评优秀
实验室概况,实验室建设的基础目标是攻克一批机器人领域前沿理论与核心技术
实验室概况,支撑国家重大科技工程的实施
实验室概况,引领我国机器人技术的跨越式发展；突破一批制约机器人产业化的技术瓶颈
实验室概况,促进科研成果的转化
实验室概况,提升国产机器人国际竞争力；培养和汇聚一批高端人才
实验室概况,促进学科交叉融合
实验室概况,形成特色鲜明、国际一流的学科体系
实验室历史,实验室历史
实验室历史,1985-1986成功研制我国第一台华宇1型弧焊机器人  1986 成立哈工大机器人研究所  1991 经科技部批准成立863计划智能机器人机构研究网点开放实验室   2000 建立'黑龙江省机器人技术重点实验室'   2007 机器人技术与系统国家重点实验室开始筹建
实验室历史,2010年通过验收   2013 实验室通过科技部第一次评估
实验室历史,综合评估成绩为良好   2017 国家机器人创新中心   2018 实验室通过科技部第二次评估
实验室历史,综合评估成绩为优秀   2022 成为首批完成重组的 全国重点实验室
两院院士,两院院士
两院院士,蔡鹤皋 邓宗全 段广仁 刘宏
空间机器人研究团队,空间机器人研究团队
空间机器人研究团队,金明河教授 姜力教授 谢宗武研究员 赵京东研究员 刘伊威研究员 倪风雷研究员 史士财研究员 孙奎研究员 纪军红副教授 朱映远研究员 郭闯强研究员 刘业超研究员 樊绍巍研究员 蒋再男研究员 夏进军研究员 杨大鹏研究员 王滨副研究员 顾义坤副研究员 张元飞副研究员 孙永军副研究员 李志奇副研究员 曹宝石副研究员 赵亮亮副研究员
宇航空间机构及控制研究团队,宇航空间机构及控制研究团队
宇航空间机构及控制研究团队,高海波教授 陶建国教授 刘荣强教授 唐德威教授 姜生元教授 李兵教授 岳洪浩教授 丁亮教授 郭宏伟教授 全齐全教授 侯绪研教授 刘振教授 杨飞研究员 于海涛副研究员 陆一凡副教授 张伟伟副研究员 杨怀广讲师 李楠工程师
工业及特种机器人研究团队,工业及特种机器人研究团队
工业及特种机器人研究团队,赵杰教授 陈维山教授 李瑞峰教授 董慧娟教授 刘延杰教授 朱延河教授 卢礼华教授 彭高亮教授 刘英想教授 刘洪海教授 刘刚峰研究员 臧希喆教授 张赫教授 樊继壮教授 李长乐副研究员 刘彦武副研究员 金弘哲副教授 刘玉斌副研究员 高永生副教授 张学贺副研究员 高良助理研究员 郑天骄助理研究员
服务及医疗机器人研究团队,服务及医疗机器人研究团队
服务及医疗机器人研究团队,付宜利教授 杜志江教授 董为教授 赵立军教授级高工 王伟东教授 封海波副教授 吴冬梅研究员 李天龙教授 吴志光教授 张松源副研究员 张福海副教授 高文朋副教授 葛连正高级工程师 王珂讲师 于洪健副研究员 高永卓助理研究员
基础交叉研究团队,基础交叉研究团队
基础交叉研究团队,徐殿国教授 邹继斌教授 郑萍教授 李立毅教授 王黎钦教授 齐乃明教授 王常虹教授 李勇教授 张飞虎教授 高会军教授 吴立刚教授 张立宪教授 邱剑彬教授 杨明教授 王懿杰教授 古乐教授 孙维超教授 杨学博教授 张传伟副教授
微纳及仿生机器人研究团队,微纳及仿生机器人研究团队
微纳及仿生机器人研究团队,孙立宁教授 姜洪源教授 陈明君教授 闫永达教授 谢晖教授 李隆球教授 荣伟彬教授 潘昀路教授 胡平安教授 闫继宏教授 徐文福教授 吴春亚教授 耿延泉教授 任玉坤教授 张甲教授 王乐锋副教授 程健教授 于天宇教授 查富生副教授 王鹏飞副教授 张号副教授 周德开副教授
科学传播,科学传播
科学传播,传播机器人知识
科学传播,推广实验室文化'唯真唯实
科学传播,创新发展'形成了常态化科学传播机制
科学传播,公众开放日：定期每年6月份
科学传播,接待累计超过三千人次
科学传播,不定期参观接待一千余批
科学传播,共八千余人次
科学传播,科普报告：走进高中初中小学 走进外省学校 教师十余人走入校园
科学传播,累计两千人次参加
科学传播,机器人实践：智能机器人国际暑期学校
科学传播,时间三周
科学传播,C9高校和国外知名高校本科生
科学传播,每期约两百人
科学传播,媒体宣传：新闻联播、焦点访谈、人民日报等媒体
科学传播,央视科教、春晚、地方台科教栏目等
科学传播,开放式机器人实践活动：举办暑期机器人国际学校、指导和资助学生机器人竞赛等方式传播机器人知识、扩大机器人影响权威媒体报道：积极利用权威公众媒体开展科普宣传
科学传播,展示中国机器人
学术交流与合作,学术交流与合作
学术交流与合作,主办／承办／协办多项国际、国内重要学术会议
学术交流与合作,如ICIA、IROS、i-SAIRAS、ROBIO、ICMA等；2016年首次由中国国家航天局主办
学术交流与合作,机器人技术与系统国家重点实验室（哈尔滨工业大学）承办的i-SAIRAS会议
学术交流与合作,刘宏教授任会议主席
学术交流与合作,该系列研讨会在国际范围内有巨大影响力
学术交流与合作,往届由欧洲空间局ESA
学术交流与合作,德国宇航中心DLR
学术交流与合作,美国航空航天局NASA
学术交流与合作,加拿大航天局CSA和日本宇宙航空开发研究机构jaxa共同组织举办
学术交流与合作,围绕世界机器人发展趋势、中国智能机器人发展战略、国家空间机器人在轨服务重大专项和国家自然科学基金重大研究计划等主办研讨会
学术交流与合作,为我国机器人发展献计献策
 捣炉机器人系统产品功能, 捣炉机器人系统产品功能
 捣炉机器人系统产品功能,捣炉机器人系统具有电石炉料面疏松、破壳、耙平和下料口物料疏通等功能
 捣炉机器人系统产品功能,使得炉内布料均匀
 捣炉机器人系统产品功能,扩大反应区
 捣炉机器人系统产品功能,消除悬料
 捣炉机器人系统产品功能,捣碎熔渣
 捣炉机器人系统产品功能,减少结壳和料面喷火
 捣炉机器人系统产品功能,增加透气性
 捣炉机器人系统产品功能,保证炉况良好
 捣炉机器人系统产品功能,通过无线摇控操作
 捣炉机器人系统产品功能,捣炉机器人可在多炉口之间自由移动和捣炉作业
 捣炉机器人系统产品功能,整个捣炉作业只需1-2人即可完成
 捣炉机器人系统产品功能,提高了生产效率
 捣炉机器人系统产品功能,极大地降低了工人劳动强度
 捣炉机器人系统产品功能,减少了生产过程中的安全隐患
 捣炉机器人系统功能特点, 捣炉机器人系统功能特点
 捣炉机器人系统功能特点,大跨距支撑结构:机器人具有行走和支撑机构
 捣炉机器人系统功能特点,支排机构跨距大
 捣炉机器人系统功能特点,减少了工作楼板单位面积的受力
 捣炉机器人系统功能特点,更加安全可靠;单工位无死角捣炉: 在每一个捣炉窗口处
 捣炉机器人系统功能特点,机器人定位并稳固支撑之后
 捣炉机器人系统功能特点,利用机械臂独立的回转和俯仰机构
 捣炉机器人系统功能特点,实现单工位大范围无死角捣炉操作
 捣炉机器人系统功能特点,工作效率高;炉料充分翻撬: 机械臂可以实现伸缩、俯仰、偏摆等动作
 捣炉机器人系统功能特点,具备出力大、速度快、伸缩行程长、工作范围大等特点
 捣炉机器人系统功能特点,其料面处理范围大、处理点密集、处理深入彻底;无线遥控: 采用无线遥操作技术
 捣炉机器人系统功能特点,实现对捣炉机器人的无线控制
 捣炉机器人系统功能特点,功能完备
 捣炉机器人系统功能特点,操作简单
 捣炉机器人系统功能特点,易学易用
 捣炉机器人系统功能特点,操作人员可远离炉口作业
 捣炉机器人系统功能特点,从根本上杜绝了喷料对操作人员的伤害;多功能专用工具: 可实现高温条件下
 捣炉机器人系统功能特点,对电石料面撞击、对结壳捣碎翻撬、对电石原料的摊开耙平等功能;适应性强: 捣炉机器人具有较小的整体外形尺寸
 捣炉机器人系统功能特点,保证足够作业空间前提下
 捣炉机器人系统功能特点,可适应狭窄矮小的作业环境和不同类型电石炉的工况条件;系统安全:有效的防护与性能加固设计
 捣炉机器人系统功能特点,可在热辐射、热喷溅环境下长期稳定作业
 捣炉机器人系统功能特点,与带电物料接触部分采用专用绝缘防护结构
 捣炉机器人系统功能特点,全面的”运行状态与安全“检测系统
 捣炉机器人系统功能特点,最大限度保证捣炉机器人系统安全.检修方便: 单元独立化系统设计理念
 捣炉机器人系统功能特点,依据功能的需要最大限度地单元化设计
 捣炉机器人系统功能特点,提高检维护效率
 捣炉机器人系统功能特点,液压系统元器件以及机械系统运动部件布局合理
 捣炉机器人系统功能特点,方便检修
 捣炉机器人系统核心技术, 捣炉机器人系统核心技术
 捣炉机器人系统核心技术,具有自由行走功能的重载机器人技术;电石炉炉料翻捣专用机器人技术;机器人化的电石炉料面处理工艺及控制技术;基于无线传输的遥操作控制技术
实验室概况展区,实验室概况展区
实验室概况展区,机器人技术与系统全国重点实验室源自哈工大机器人所
实验室概况展区,始建于1986年
实验室概况展区,是我国最早开展机器人技术研究的单位之一
实验室概况展区,实验室依托机械工程《第四次学科评估A+》、控制科学与工程(A+)、电气工程(A-)等一级学科组建
实验室概况展区,2007年开始筹备
实验室概况展区,2007年8月通过可行性论证
实验室概况展区,2010年7月通过建设验收
实验室概况展区,2013年通过首次评估
实验室概况展区,获评良好;2018年通过二次评估
实验室概况展区,获评优秀
实验室概况展区,本实验室是高校领域内唯一与机器人相关的全国重点实验室
微纳及仿生机器人展区,微纳及仿生机器人展区
微纳及仿生机器人展区,微纳和仿生机器人展区总共囊括了3种类型的机器人
微纳及仿生机器人展区,分别是微纳机器人、扑翼机器人和模块化自重构机器人
微纳及仿生机器人展区,其中微纳机器人是实验室面对世界科技前沿做的一些内容
微纳及仿生机器人展区,微纳游动机器人指能在液体中游动的尺寸在1纳米至100微米左右的机器人
微纳及仿生机器人展区,为介入式健康监测、超微诊断、靶向给药等提供变革性手段
微纳及仿生机器人展区,现在还属于理论研究的阶段
微纳及仿生机器人展区,没有应用到人体
微纳及仿生机器人展区,扑翼机器人由深圳校区的徐文福老师研发
微纳及仿生机器人展区,亮相过2019年的央视春晚
微纳及仿生机器人展区,应用于边境的侦查工作
微纳及仿生机器人展区,扑翼机器人克服了固定翼、旋翼无人机成本高、能量利用率低、隐身能力弱等缺陷
微纳及仿生机器人展区,且在自主能力、抗风能力、带载能力、巡航能力等方面明显高于微小型扑翼飞行器
微纳及仿生机器人展区,模块化自重构机器人由大量标准模块单元组成
微纳及仿生机器人展区,模块之间可以动态组合、自主变形
微纳及仿生机器人展区,应用于环境复杂、任务多变的场合
微纳及仿生机器人展区,获得2018年中国优秀工业设计金奖
空间机器人展区,空间机器人展区
空间机器人展区,空间机器人展区包括空间机械臂和空间灵巧手两项技术
空间机器人展区,在空间机械臂技术中
空间机器人展区,小机械臂由我实验室刘宏院士、谢宗武教授团队和中科院长光所联合研制
空间机器人展区,相比于核心舱配备的大机械臂
空间机器人展区,小机械臂更加精巧
空间机器人展区,采用了7自由度对称构型
空间机器人展区,两端各有一个末端作用器
空间机器人展区,配合问天实验舱表面的“脚印”
空间机器人展区,可实现舱体不同位置的爬行
空间机器人展区,问天实验舱的小机械臂长约5米
空间机器人展区,最大负载3吨；相比于核心舱配备的展开长度达10米、最大承载质量25吨的大机械臂
空间机器人展区,要显得更“短小精悍”
空间机器人展区,相较于在天和核心舱上搭载的大机械臂
空间机器人展区,问天实验舱小机械臂末端定位精度更高
空间机器人展区,位置精度优于大机械臂5倍
空间机器人展区,姿态精度优于大机械臂2倍
空间机器人展区,其运动精度也更高
空间机器人展区,可用于完成精度要求更高的科学载荷安装、拆卸等任务
空间机器人展区,小机械臂可单独使用
空间机器人展区,也可与大机械臂形成组合机械臂
空间机器人展区,执行大范围、跨舱段的支持航天员出舱活动、舱外状态检查、舱外货物转移及安装、舱外维护维修、载荷照料、光学设施维护等任务
空间机器人展区,对于空间灵巧手技术
空间机器人展区,2016年9月我国首个空间灵巧手随天宫二号在酒泉卫星发射中心成功发射
空间机器人展区,10月至11月开展人机协同在轨维修试验9次
空间机器人展区,累计80人时
空间机器人展区,成功完成国际首次在轨手持电动工具旋拧螺钉、在轨插拔航天电连接器
空间机器人展区,我国首次航天员在轨遥操作灵巧手等精细操作任务
空间机器人展区,获国家技术发明二等奖2项
空间机器人展区,2007欧盟机器人技术和转化一等奖1项
空间机器人展区,出版专著1部
宇航空间机构及控制展区,宇航空间机构及控制展区
宇航空间机构及控制展区,宇航空间机构及控制展区包括轮式星球车移动、空间折展机构与变形翼和操控作业与采样三项技术
宇航空间机构及控制展区,其中轮式星球车移动技术为我国“玉兔号”月球车提供了“6驱动/4转向/主副摇臂/差动均姿”悬架构型及设计参数与筛网轮构型
宇航空间机构及控制展区,提供了“玉兔号”月球车、火星车转移机构
宇航空间机构及控制展区,提出轮步式火星车移动系统构型
宇航空间机构及控制展区,移动性能优越
宇航空间机构及控制展区,方案已被我国火星车采用
宇航空间机构及控制展区,空间折展机构与变形翼技术联合研制出我国首个60米长大型空间伸展臂、57米大型模块化平面相控阵雷达天线机构
宇航空间机构及控制展区,研究成果用于我国百米雷达天线等
宇航空间机构及控制展区,为我国远程空间通信和高分辨对地观测提供了核心装备
宇航空间机构及控制展区,为我国高超声速飞行器提供了核心装备
宇航空间机构及控制展区,操控作业与采样技术解决嫦娥五号钻表复合高效采样技术难题
宇航空间机构及控制展区,主持构建了“嫦娥五号”钻取/机械臂表取复合样品封装与传送的月面采样技术体系
宇航空间机构及控制展区,主持设计并联合研制了“嫦娥五号”月面钻取采样系统正样产品
宇航空间机构及控制展区,为我国首次小行星探测附着采样系统提供了关键技术
服务及医疗机器人展区,服务及医疗机器人展区
服务及医疗机器人展区,服务及医疗机器人展区包括服务机器人和医疗机器人
服务及医疗机器人展区,智能服务机器人是在非结构环境下为人类提供必要服务的多种高技术集成的智能化装备
服务及医疗机器人展区,是我国先进制造的前沿技术
服务及医疗机器人展区,随着人口老龄化趋势及需求快速增长
服务及医疗机器人展区,服务机器人正迈入智能化新时代
服务及医疗机器人展区,重点实验室立足国家科技发展战略与产业前沿
服务及医疗机器人展区,面向民生与服务领域
服务及医疗机器人展区,开展了人机融合、智能感知、交互控制等共性技术
服务及医疗机器人展区,成为国内服务机器人研究与产业支撑的核心力量之一
服务及医疗机器人展区,其中穿戴式辅助增强机器人
服务及医疗机器人展区,实验室面向负载携行助力需求
服务及医疗机器人展区,自主研发了系列化穿戴式外骨骼机器人
服务及医疗机器人展区,军用单兵外骨骼实现了高原环境应用测试
服务及医疗机器人展区,地震救援、火灾救援外骨骼分别在中国地震应急救援中心、消防部队等完成应用示范
服务及医疗机器人展区,成果应邀参加“十二五”科技创新展
服务及医疗机器人展区,实验室面向单人作业辅助需求
服务及医疗机器人展区,研制了穿戴式外肢体机器人
服务及医疗机器人展区,拓展人体独立作业能力
服务及医疗机器人展区,广泛应用于特种作业、工业制造等领域
服务及医疗机器人展区,解决如核工业、大飞机制造过程中的单人复杂作业难题
服务及医疗机器人展区,在医疗机器人研究中
服务及医疗机器人展区,实验室承担了一批国家自然科学基金基础研究、863计划、国家重点研发计划等重点和重大医疗机器人研究项目
服务及医疗机器人展区,突破了医疗机器人灵巧手术器械设计、力反馈感知、精确主从控制、狭小空间精准操作、风险分析与安全控制、动物与临床试验、系统集成等关键技术
服务及医疗机器人展区,研制了骨科、普外科、心内科、神经外科手术机器人系统
服务及医疗机器人展区,获省部级科技进步奖4项、出版专著3部、获国家发明专利200余项
服务及医疗机器人展区,腹腔微创手术机器人获批国产腔镜手术医疗器械三类注册证
服务及医疗机器人展区,正在实施产业化
工业及特种机器人展区,工业及特种机器人展区
工业及特种机器人展区,工业及特种机器人展区包含工业机器人和特种机器人两类
工业及特种机器人展区,工业机器人作为最典型的机电一体化数字化装备
工业及特种机器人展区,已成为衡量一个国家制造业水平和科技水平的重要标志
工业及特种机器人展区,实验室面向国民经济重大需求
工业及特种机器人展区,集智攻关工业机器人关键技术
工业及特种机器人展区,与业内龙头企业合作
工业及特种机器人展区,建立“产学研用”四位一体的科技创新与成果转化体系
工业及特种机器人展区,增强工业机器人自主研发能力
工业及特种机器人展区,促进国民经济发展
工业及特种机器人展区,我们实验室的成果包括码垛机器人、电石出炉机器人和协作型工业机器人
工业及特种机器人展区,2014年国家“863”项目
工业及特种机器人展区,RB200型200Kg码垛机器人
工业及特种机器人展区,最大码垛能力1100袋每小时；RB300型300Kg码垛机器人
工业及特种机器人展区,最大码垛能力720袋每小时；石化行业包装码垛机器人替代进口产品
工业及特种机器人展区,国内市场占有率百分之80
工业及特种机器人展区,实验室研制国内首台耐高温、抗强冲击电石出炉机器人
工业及特种机器人展区,在新疆中泰、新疆天业、内蒙古君正等上市龙头企业得到成功应用
工业及特种机器人展区,销售额突破8亿元
工业及特种机器人展区,开创我国电石冶炼机器人先河
工业及特种机器人展区,除此以外
工业及特种机器人展区,实验室研发了新一代人机协作型工业机器人
工业及特种机器人展区,操作复杂度更高、技巧性更强
工业及特种机器人展区,机器人的核心部件具有独立自主知识产权
工业及特种机器人展区,全部实现国产化
工业及特种机器人展区,解决了批量化制造难题
工业及特种机器人展区,哈工大协作型工业机器人2018年获得了“世界三大设计奖之一”的德国红点奖与“中国设计界的奥斯卡”中国设计红星奖
工业及特种机器人展区,特种机器人方面
工业及特种机器人展区,核工业是高科技战略产业
工业及特种机器人展区,是国家安全的重要基石
工业及特种机器人展区,掌握面向核工业服役的机器人核心技术
工业及特种机器人展区,推进相关机器人与机器人化装备的实用化发展
工业及特种机器人展区,对于增强我国综合实力、保证国家安全、提高国际竞争力具有重要意义
工业及特种机器人展区,在惯性约束核聚变领域
工业及特种机器人展区,实验室研制国内首台48束强激光高效频率转换与快速引导聚焦系统、靶调整机器人等精密机器人装备
工业及特种机器人展区,应用于我国自主建设的大型多路激光装置
工业及特种机器人展区,用于惯性约束核聚变研究
工业及特种机器人展区,综合打靶精度优于美国国家点火工程装置
工业及特种机器人展区,在核环境检测与维护领域
工业及特种机器人展区,自主研发了国内首台具有自主知识产权的核反应堆压力容器检查机器人
工业及特种机器人展区,通过了英国IVC认证并投入使用
工业及特种机器人展区,在秦山一期、二期、岭澳、福清等核电站完成了役前、在役检测任务
工业及特种机器人展区,研制了我国首台核聚变堆重载包层维护机器人与多功能灵巧机械臂
工业及特种机器人展区,制订了通用技术标准和规范
领导关怀及荣誉展区,领导关怀及荣誉展区
领导关怀及荣誉展区,展区中展示了习近平总书记2009年来校视察时观看机器人演示的画面
领导关怀及荣誉展区,以及2016年视察哈工大科技创新成果时与机器人灵巧手互动的情景
领导关怀及荣誉展区,此外
领导关怀及荣誉展区,江泽民同志
领导关怀及荣誉展区,李鹏同志
领导关怀及荣誉展区,朱镕基同志
领导关怀及荣誉展区,温家宝同志等多位党和国家领导人都对实验室的发展密切关注
领导关怀及荣誉展区,2021年实验室获评全国专业技术人才先进集体称号
领导关怀及荣誉展区,2022年实验室空间机器人及操纵技术创新团队获评国防科技创新团队奖
领导关怀及荣誉展区,感动龙江年度群体称号
领导关怀及荣誉展区,近年来
领导关怀及荣誉展区,实验室累计获得国家级奖项十余项
开放服务展区,开放服务展区
开放服务展区,实验室形成了常态化的科学传播机制
开放服务展区,以公众开放日
开放服务展区,科普报告
开放服务展区,机器人实践以及媒体宣传等方式
开放服务展区,大力促进科学传播
开放服务展区,同时推进学术交流合作
开放服务展区,主办、承办、协办多项国际、国内重要学术会议
实验室队伍展区,实验室队伍展区
实验室队伍展区,实验室共有两院院士四人
实验室队伍展区,分别是中国工程院院士
实验室队伍展区,蔡鹤皋；中国工程院院士
实验室队伍展区,邓宗全；中国科学院院士
实验室队伍展区,段广仁
实验室队伍展区,以及中国工程院院士
实验室队伍展区,刘宏
实验室队伍展区,现有杰青等国家级人才29人
实验室队伍展区,优青等国家青年和省部级人才12人；国家级教学团队1个、国家自然基金委创新研究群体2个、科技部重点领域创新团队1个、教育部创新团队4个
实验室队伍展区,共设空间机器人研究团队
实验室队伍展区,宇航空间机构及控制研究团队
实验室队伍展区,工业及特种机器人研究团队
实验室队伍展区,服务及医疗机器人研究团队
实验室队伍展区,微纳及仿生机器人研究团队
实验室队伍展区,基础交叉研究团队等六个研究团队
实验室队伍展区,队伍固定人员累计160余人
小型娱乐机器人,小型娱乐机器人
小型娱乐机器人,2012、2018年两次登上央视春晚舞台；2018年冬奥会闭幕式
小型娱乐机器人,助力“北京八分钟”
